t,E,I
0.0,-0.9822794779154043,-5.520474568541489e-06
0.050000000000000044,-0.9832794779154043,-4.334758337374915e-06
0.05562478858237574,-0.9831669821437568,-1.5359775186965128e-06
0.10562478858237578,-0.9821669821437568,-1.2050874191733115e-06
0.15562478858237583,-0.9811669821437567,-1.037977526477919e-06
0.20562478858237587,-0.9801669821437567,-9.080498824663226e-07
0.2556247885823759,-0.9791669821437567,-7.977669287977204e-07
0.30562478858237596,-0.9781669821437567,-7.00215963017318e-07
0.355624788582376,-0.9771669821437567,-6.118201530879151e-07
0.40562478858237605,-0.9761669821437567,-5.304424016311518e-07
0.4556247885823761,-0.9751669821437567,-4.5468442790729596e-07
0.5056247885823761,-0.9741669821437567,-3.8357185895503134e-07
0.5556247885823762,-0.9731669821437567,-3.163934674966965e-07
0.6056247885823762,-0.9721669821437567,-2.526112664461419e-07
0.6556247885823763,-0.9711669821437567,-1.9180665132678118e-07
0.7056247885823763,-0.9701669821437567,-1.3364635182791582e-07
0.7556247885823764,-0.9691669821437567,-7.785995151676698e-08
0.8056247885823764,-0.9681669821437567,-2.4224504635813074e-08
0.8556247885823764,-0.9671669821437567,2.7446311446827995e-08
0.9056247885823765,-0.9661669821437567,7.731004354399293e-08
0.9556247885823765,-0.9651669821437567,1.255012660480158e-07
1.0056247885823766,-0.9641669821437567,1.7213595598749652e-07
1.0556247885823766,-0.9631669821437567,2.1731484743471318e-07
1.1056247885823767,-0.9621669821437567,2.611260421189528e-07
1.1556247885823767,-0.9611669821437567,3.036470684556874e-07
1.2056247885823768,-0.9601669821437567,3.4494652508939413e-07
1.2556247885823768,-0.9591669821437567,3.8508540703298095e-07
1.3056247885823768,-0.9581669821437567,4.241181862244722e-07
1.355624788582377,-0.9571669821437567,4.6209369985563277e-07
1.405624788582377,-0.9561669821437567,4.99055886633251e-07
1.455624788582377,-0.9551669821437567,5.350444015680957e-07
1.505624788582377,-0.9541669821437567,5.700951328577267e-07
1.555624788582377,-0.9531669821437567,6.042406392008084e-07
1.6056247885823771,-0.9521669821437567,6.375105219465637e-07
1.6556247885823772,-0.9511669821437567,6.699317434919264e-07
1.7056247885823772,-0.9501669821437567,7.015289010423488e-07
1.7556247885823828,-0.9491669821437566,7.323244630727678e-07
1.8056247885823773,-0.9481669821437567,7.623389744347185e-07
1.8556247885823773,-0.9471669821437567,7.915912349603807e-07
1.9056247885823774,-0.9461669821437567,8.200984555450551e-07
1.9556247885823774,-0.9451669821437567,8.478763949951613e-07
2.0056247885823772,-0.9441669821437567,8.749394803698679e-07
2.0556247885823775,-0.9431669821437567,9.013009130922563e-07
2.105624788582378,-0.9421669821437567,9.269727627374873e-07
2.1556247885823776,-0.9411669821437567,9.519660501037177e-07
2.2056247885823774,-0.9401669821437567,9.7629082092324e-07
2.2556247885823777,-0.9391669821437567,9.99956211365542e-07
2.305624788582378,-0.9381669821437567,1.0229705063131698e-06
2.355624788582378,-0.9371669821437567,1.0453411912482018e-06
2.4056247885823776,-0.9361669821437567,1.0670749984672226e-06
2.455624788582378,-0.9351669821437567,1.0881779482414714e-06
2.5056247885823835,-0.9341669821437566,1.108655385452972e-06
2.5556247885823726,-0.9331669821437568,1.1285120121645919e-06
2.605624788582378,-0.9321669821437567,1.1477519165194996e-06
2.655624788582378,-0.9311669821437567,1.166378598311828e-06
2.6739736798543468,-0.9308000043183173,1.173060963694986e-06
2.723973679854347,-0.9298000043183173,1.1909157251921506e-06
2.773973679854347,-0.9288000043183173,1.20830020253045e-06
2.8239736798543467,-0.9278000043183173,1.2252354063728656e-06
2.873973679854347,-0.9268000043183173,1.2417410239033384e-06
2.923973679854347,-0.9258000043183173,1.2578355370146874e-06
2.973973679854347,-0.9248000043183173,1.2735363274261212e-06
3.023973679854347,-0.9238000043183173,1.2888597704605805e-06
3.073973679854347,-0.9228000043183173,1.303821318948162e-06
3.1239736798543474,-0.9218000043183173,1.3184355785032926e-06
3.173973679854347,-0.9208000043183173,1.3327163752415268e-06
3.223973679854347,-0.9198000043183173,1.3466768168499522e-06
3.2739736798543473,-0.9188000043183173,1.3603293477977502e-06
3.3239736798543476,-0.9178000043183173,1.3736857993661155e-06
3.3739736798543474,-0.9168000043183173,1.3867574350859737e-06
3.423973679854347,-0.9158000043183173,1.399554992094894e-06
3.4739736798543475,-0.9148000043183173,1.4120887188589858e-06
3.5239736798543477,-0.9138000043183173,1.4243684096495097e-06
3.5739736798543476,-0.9128000043183173,1.4364034361158664e-06
3.6239736798543474,-0.9118000043183173,1.4482027762552998e-06
3.6739736798543476,-0.9108000043183173,1.459775041044011e-06
3.723973679854348,-0.9098000043183173,1.4711284989635527e-06
3.7739736798543477,-0.9088000043183173,1.482271098629643e-06
3.8239736798543476,-0.9078000043183173,1.4932104897072962e-06
3.873973679854348,-0.9068000043183173,1.503954042275914e-06
3.923973679854348,-0.9058000043183173,1.5145088647902792e-06
3.973973679854348,-0.9048000043183173,1.5248818207679026e-06
4.023973679854348,-0.9038000043183173,1.5350795443195794e-06
4.0739736798543476,-0.9028000043183173,1.5451084546280453e-06
4.123973679854348,-0.9018000043183173,1.5549747694691019e-06
4.173973679854348,-0.9008000043183173,1.5646845178602745e-06
4.223973679854348,-0.8998000043183173,1.5742435519138556e-06
4.273973679854349,-0.8988000043183173,1.5836575579639e-06
4.323973679854348,-0.8978000043183173,1.592932067030292e-06
4.373973679854348,-0.8968000043183173,1.6020724646772695e-06
4.423973679854348,-0.8958000043183173,1.6110840003186937e-06
4.473973679854348,-0.8948000043183173,1.6199717960178297e-06
4.523973679854349,-0.8938000043183173,1.6287408548253484e-06
4.573973679854348,-0.8928000043183173,1.6373960686956833e-06
4.623973679854348,-0.8918000043183173,1.6459422260186526e-06
4.673973679854349,-0.8908000043183173,1.6543840188004098e-06
4.723973679854349,-0.8898000043183173,1.6627260495252368e-06
4.773973679854349,-0.8888000043183173,1.670972837727425e-06
4.823973679854348,-0.8878000043183173,1.6791288263004798e-06
4.873973679854348,-0.8868000043183173,1.6871983875690968e-06
4.923973679854349,-0.8858000043183173,1.6951858291477721e-06
4.973973679854349,-0.8848000043183173,1.7030953996085226e-06
5.023973679854349,-0.8838000043183173,1.7109312939789728e-06
5.073973679854349,-0.8828000043183173,1.718697659090997e-06
5.123973679854349,-0.8818000043183173,1.726398598799203e-06
5.173973679854349,-0.8808000043183173,1.734038179087758e-06
5.223973679854349,-0.8798000043183173,1.7416204330834182e-06
5.273973679854349,-0.8788000043183173,1.7491493659920998e-06
5.323973679854349,-0.8778000043183173,1.7566289599759196e-06
5.373973679854349,-0.8768000043183173,1.764063178987354e-06
5.423973679854349,-0.8758000043183173,1.7714559735769732e-06
5.47397367985435,-0.8748000043183173,1.778811285691149e-06
5.5239736798543495,-0.8738000043183173,1.786133053476174e-06
5.573973679854349,-0.8728000043183173,1.793425216105381e-06
5.623973679854349,-0.8718000043183173,1.8006917186461197e-06
5.673973679854349,-0.8708000043183173,1.8079365169838385e-06
5.72397367985435,-0.8698000043183173,1.8151635828210183e-06
5.7739736798543495,-0.8688000043183173,1.822376908769347e-06
5.823973679854349,-0.8678000043183173,1.8295805135542985e-06
5.87397367985435,-0.8668000043183173,1.8367784473522054e-06
5.92397367985435,-0.8658000043183173,1.8439747972809824e-06
5.97397367985435,-0.8648000043183173,1.8511736930669363e-06
6.0239736798543495,-0.8638000043183173,1.8583793129115182e-06
6.073973679854349,-0.8628000043183173,1.8655958895835475e-06
6.12397367985435,-0.8618000043183173,1.8728277167643124e-06
6.17397367985435,-0.8608000043183173,1.8800791556751025e-06
6.22397367985435,-0.8598000043183173,1.8873546420191511e-06
6.27397367985435,-0.8588000043183173,1.8946586932727309e-06
6.32397367985435,-0.8578000043183173,1.9019959163632579e-06
6.37397367985435,-0.8568000043183173,1.909371015775787e-06
6.42397367985435,-0.8558000043183173,1.916788802133277e-06
6.47397367985435,-0.8548000043183173,1.924254201300524e-06
6.52397367985435,-0.8538000043183173,1.931772264066793e-06
6.57397367985435,-0.8528000043183173,1.9393481764679726e-06
6.62397367985435,-0.8518000043183173,1.946987270815704e-06
6.673973679854351,-0.8508000043183173,1.9546950375084237e-06
6.723973679854351,-0.8498000043183173,1.9624771377078263e-06
6.77397367985435,-0.8488000043183173,1.970339416974017e-06
6.82397367985435,-0.8478000043183173,1.978287919963782e-06
6.87397367985435,-0.8468000043183173,1.986328906309207e-06
6.923973679854351,-0.8458000043183173,1.99446886780856e-06
6.973973679854351,-0.8448000043183173,2.0027145470782792e-06
7.02397367985435,-0.8438000043183173,2.0110729578344085e-06
7.073973679854351,-0.8428000043183173,2.0195514069944216e-06
7.123973679854351,-0.8418000043183173,2.028157518816563e-06
7.173973679854351,-0.8408000043183173,2.0368992613243333e-06
7.223973679854351,-0.8398000043183173,2.0457849752993078e-06
7.27397367985435,-0.8388000043183172,2.054823406167139e-06
7.323973679854351,-0.8378000043183172,2.064023739150533e-06
7.373973679854351,-0.8368000043183172,2.073395638120634e-06
7.423973679854351,-0.8358000043183172,2.082949288646526e-06
7.4739736798543515,-0.8348000043183172,2.092695445823547e-06
7.523973679854351,-0.8338000043183172,2.102645487557775e-06
7.573973679854351,-0.8328000043183172,2.1128114740996935e-06
7.623973679854351,-0.8318000043183172,2.1232062147592043e-06
7.673973679854351,-0.8308000043183172,2.1338433429022757e-06
7.7239736798543515,-0.8298000043183172,2.1447374005336156e-06
7.762742095679542,-0.8290246360018134,2.1533710079536252e-06
7.812742095679543,-0.8280246360018134,2.1637402462564276e-06
7.862742095679542,-0.8270246360018134,2.1728177733077717e-06
7.912742095679542,-0.8260246360018134,2.1810566604050847e-06
7.962742095679543,-0.8250246360018134,2.1887324790952625e-06
8.012742095679542,-0.8240246360018134,2.1960267920544155e-06
8.062742095679543,-0.8230246360018134,2.2030662501556037e-06
8.112742095679543,-0.8220246360018134,2.2099430840828545e-06
8.162742095679542,-0.8210246360018134,2.2167267642122364e-06
8.212742095679543,-0.8200246360018134,2.223471065673482e-06
8.262742095679542,-0.8190246360018134,2.230218567801284e-06
8.312742095679543,-0.8180246360018134,2.237003637995268e-06
8.362742095679543,-0.8170246360018134,2.24385447807481e-06
8.412742095679542,-0.8160246360018134,2.2507945680188133e-06
8.462742095679543,-0.8150246360018134,2.257843709545225e-06
8.512742095679544,-0.8140246360018134,2.2650187964417335e-06
8.562742095679543,-0.8130246360018134,2.2723343937281082e-06
8.612742095679543,-0.8120246360018134,2.279803180200256e-06
8.662742095679544,-0.8110246360018134,2.2874362914872586e-06
8.712742095679543,-0.8100246360018134,2.2952435894376104e-06
8.762742095679544,-0.8090246360018134,2.303233876126856e-06
8.812742095679543,-0.8080246360018134,2.3114150656699564e-06
8.862742095679543,-0.8070246360018134,2.3197943234867725e-06
8.912742095679544,-0.8060246360018134,2.328378180181189e-06
8.962742095679543,-0.8050246360018134,2.337172625416064e-06
9.012742095679544,-0.8040246360018134,2.346183185876949e-06
9.062742095679543,-0.8030246360018134,2.3554149904706406e-06
9.112742095679543,-0.8020246360018134,2.3648728252008108e-06
9.162742095679544,-0.8010246360018134,2.37456117963406e-06
9.212742095679543,-0.8000246360018134,2.38448428646813e-06
9.262742095679544,-0.7990246360018134,2.3946461554062257e-06
9.312742095679544,-0.7980246360018134,2.4050506023033494e-06
9.362742095679543,-0.7970246360018134,2.415701274364955e-06
9.412742095679544,-0.7960246360018134,2.4266016720324036e-06
9.462742095679545,-0.7950246360018134,2.4377551680742553e-06
9.512742095679544,-0.7940246360018134,2.449165024310465e-06
9.562742095679544,-0.7930246360018134,2.4608344063227576e-06
9.612742095679543,-0.7920246360018134,2.472766396444945e-06
9.662742095679544,-0.7910246360018134,2.4849640052786244e-06
9.712742095679545,-0.7900246360018134,2.497430181940287e-06
9.762742095679544,-0.7890246360018134,2.5101678232135438e-06
9.812742095679544,-0.7880246360018134,2.5231797817535295e-06
9.862742095679543,-0.7870246360018134,2.5364688734684925e-06
9.912742095679544,-0.7860246360018134,2.5500378841852494e-06
9.962742095679545,-0.7850246360018134,2.5638895756898466e-06
10.012742095679544,-0.7840246360018134,2.5780266912219668e-06
10.062742095679544,-0.7830246360018134,2.592451960490789e-06
10.112742095679545,-0.7820246360018134,2.6071681042708978e-06
10.162742095679544,-0.7810246360018134,2.62217783862912e-06
10.212742095679545,-0.7800246360018134,2.637483878826572e-06
10.262742095679545,-0.7790246360018134,2.6530889429346204e-06
10.312742095679544,-0.7780246360018134,2.668995755198649e-06
10.362742095679545,-0.7770246360018134,2.6852070491794293e-06
10.412742095679544,-0.7760246360018134,2.7017255706983424e-06
10.462742095679545,-0.7750246360018134,2.7185540806096604e-06
10.512742095679545,-0.7740246360018134,2.735695357420473e-06
10.562742095679544,-0.7730246360018134,2.7531521997765387e-06
10.612742095679545,-0.7720246360018134,2.7709274288303925e-06
10.662742095679544,-0.7710246360018134,2.789023890506299e-06
10.712742095679545,-0.7700246360018134,2.807444457675147e-06
10.762742095679545,-0.7690246360018134,2.8261920322510915e-06
10.812742095679544,-0.7680246360018134,2.845269547220582e-06
10.862742095679545,-0.7670246360018134,2.8646799686134416e-06
10.912742095679546,-0.7660246360018134,2.8844262974247682e-06
10.962742095679545,-0.7650246360018134,2.9045115714956926e-06
11.012742095679545,-0.7640246360018134,2.924938867360324e-06
11.062742095679546,-0.7630246360018134,2.945711302065663e-06
11.112742095679545,-0.7620246360018134,2.9668320349707185e-06
11.162742095679546,-0.7610246360018134,2.9883042695306348e-06
11.212742095679545,-0.7600246360018134,3.010131255071247e-06
11.262742095679545,-0.7590246360018134,3.0323162885591184e-06
11.312742095679546,-0.7580246360018134,3.0548627163718483e-06
11.362742095679545,-0.7570246360018134,3.0777739360731556e-06
11.412742095679546,-0.7560246360018134,3.101053398197045e-06
11.462742095679545,-0.7550246360018134,3.1247046080451525e-06
11.512742095679545,-0.7540246360018134,3.1487311275012427e-06
11.562742095679546,-0.7530246360018134,3.1731365768666526e-06
11.612742095679545,-0.7520246360018134,3.197924636720418e-06
11.662742095679546,-0.7510246360018134,3.223099049807688e-06
11.712742095679546,-0.7500246360018133,3.2486636229600173e-06
11.762742095679545,-0.7490246360018133,3.2746222290510295e-06
11.812742095679546,-0.7480246360018133,3.3009788089909557e-06
11.862742095679547,-0.7470246360018133,3.3277373737635293e-06
11.912742095679546,-0.7460246360018133,3.354902006508715e-06
11.962742095679546,-0.7450246360018133,3.382476864654799e-06
12.012742095679545,-0.7440246360018133,3.410466182103351e-06
12.062742095679546,-0.7430246360018133,3.4388742714706773e-06
12.112742095679547,-0.7420246360018133,3.4677055263894316e-06
12.162742095679546,-0.7410246360018133,3.496964423874065e-06
12.212742095679546,-0.7400246360018133,3.5266555267540197e-06
12.262742095679545,-0.7390246360018133,3.556783486178519e-06
12.312742095679546,-0.7380246360018133,3.58735304419707e-06
12.362742095679547,-0.7370246360018133,3.618369036419824e-06
12.412742095679546,-0.7360246360018133,3.649836394762139e-06
12.462742095679546,-0.7350246360018133,3.6817601502778307e-06
12.512742095679547,-0.7340246360018133,3.7141454360858017e-06
12.562742095679546,-0.7330246360018133,3.746997490394888e-06
12.612742095679547,-0.7320246360018133,3.7803216596320297e-06
12.662742095679548,-0.7310246360018133,3.8141234016790097e-06
12.712742095679546,-0.7300246360018133,3.848408289223384e-06
12.762742095679547,-0.7290246360018133,3.883182013229344e-06
12.81274209567954,-0.7280246360018134,3.918450386534633e-06
12.862742095679547,-0.7270246360018133,3.954219347579932e-06
12.912742095679548,-0.7260246360018133,3.990494964277378e-06
12.962742095679546,-0.7250246360018133,4.02728343802537e-06
13.012742095679547,-0.7240246360018133,4.064591107877061e-06
13.062742095679546,-0.7230246360018133,4.102424454870412e-06
13.112742095679547,-0.7220246360018133,4.140790106528078e-06
13.132579007218837,-0.7216278977710275,4.156160208135148e-06
13.182579007218836,-0.7206278977710275,4.172480663896645e-06
13.232579007218837,-0.7196278977710275,4.1801470345940405e-06
13.282579007218837,-0.7186278977710275,4.186737280984602e-06
13.332579007218836,-0.7176278977710275,4.1936949034327585e-06
13.382579007218837,-0.7166278977710275,4.201704257925745e-06
13.432579007218838,-0.7156278977710275,4.211239778148285e-06
13.482579007218837,-0.7146278977710275,4.222722369604107e-06
13.532579007218837,-0.7136278977710275,4.2365915220477716e-06
13.582579007218836,-0.7126278977710275,4.253358151702266e-06
13.632579007218837,-0.7116278977710275,4.273663166018473e-06
13.682579007218838,-0.7106278977710275,4.29836268641757e-06
13.732579007218837,-0.7096278977710275,4.328674264561229e-06
13.782579007218837,-0.7086278977710275,4.3664625443956645e-06
13.832579007218836,-0.7076278977710275,4.414885606983787e-06
13.882579007218837,-0.7066278977710275,4.480204507399969e-06
13.932579007218838,-0.7056278977710275,4.579276508468537e-06
13.975779996113557,-0.7047638779931331,4.7886231608749346e-06
13.975779996113557,-0.7047638779931331,7.371167129530045e-06
14.025779996113558,-0.7037638779931331,7.761582117860914e-06
14.075779996113557,-0.7027638779931331,8.308238108362167e-06
14.125779996113558,-0.7017638779931331,9.07674248849774e-06
14.175779996113558,-0.7007638779931331,1.0186426154030074e-05
14.225779996113557,-0.6997638779931331,1.1874309298169623e-05
14.275779996113558,-0.6987638779931331,1.4469647349538564e-05
14.325779996113559,-0.6977638779931331,1.701341607821174e-05
14.375779996113558,-0.6967638779931331,1.8246636750876372e-05
14.425779996113558,-0.6957638779931331,1.8705944367121515e-05
14.463943307687376,-0.6950006117616567,1.8787066211627457e-05
14.513943307687377,-0.6940006117616567,1.8734751290065777e-05
14.563943307687378,-0.6930006117616567,1.854485797364196e-05
14.613943307687377,-0.6920006117616567,1.8160420257803078e-05
14.663943307687378,-0.6910006117616567,1.7544070191220278e-05
14.713943307687376,-0.6900006117616567,1.6755364767966047e-05
14.763943307687377,-0.6890006117616567,1.5936697728802223e-05
14.813943307687378,-0.6880006117616567,1.5185319079207149e-05
14.863943307687377,-0.6870006117616567,1.4525754856506394e-05
14.913943307687378,-0.6860006117616567,1.3951203206044963e-05
14.963943307687376,-0.6850006117616567,1.3448291702649873e-05
15.013943307687377,-0.6840006117616567,1.3004579411947322e-05
15.063943307687378,-0.6830006117616567,1.2609964230566608e-05
15.113943307687377,-0.6820006117616567,1.2256511768161151e-05
15.163943307687378,-0.6810006117616567,1.1938003936663437e-05
15.213943307687378,-0.6800006117616567,1.1649525673485731e-05
15.263943307687377,-0.6790006117616567,1.1387144259515816e-05
15.313943307687378,-0.6780006117616567,1.1147671936320517e-05
15.363943307687379,-0.6770006117616567,1.0928492044405747e-05
15.413943307687372,-0.6760006117616568,1.0727431245141838e-05
15.463943307687378,-0.6750006117616567,1.0542664735011573e-05
15.513943307687377,-0.6740006117616567,1.0372645112425483e-05
15.563943307687378,-0.6730006117616567,1.0216048334006194e-05
15.613943307687379,-0.6720006117616567,1.007173214990159e-05
15.663943307687378,-0.6710006117616567,9.938703758467155e-06
15.713943307687378,-0.6700006117616567,9.816094353490431e-06
15.763943307687377,-0.6690006117616567,9.703138884718152e-06
15.813943307687383,-0.6680006117616566,9.59915980590731e-06
15.863943307687384,-0.6670006117616566,9.503553905411159e-06
15.913943307687372,-0.6660006117616568,9.415781543724676e-06
15.963943307687378,-0.6650006117616567,9.335357788292084e-06
16.013943307687377,-0.6640006117616567,9.26184505712181e-06
16.03199639420486,-0.663639550031307,9.23692274337317e-06
16.08199639420486,-0.662639550031307,9.189034764615743e-06
16.13199639420486,-0.661639550031307,9.157445621678303e-06
16.181996394204862,-0.660639550031307,9.132370800792452e-06
16.231996394204863,-0.659639550031307,9.111065846566948e-06
16.28199639420486,-0.658639550031307,9.092289509531915e-06
16.33199639420486,-0.657639550031307,9.075354510598759e-06
16.38199639420486,-0.656639550031307,9.059832877273172e-06
16.431996394204862,-0.655639550031307,9.045436529519084e-06
16.481996394204863,-0.654639550031307,9.031960421024992e-06
16.53199639420486,-0.653639550031307,9.019252315455633e-06
16.58199639420486,-0.652639550031307,9.007195371400124e-06
16.63199639420486,-0.651639550031307,8.995697466687264e-06
16.681996394204862,-0.650639550031307,8.984684323938662e-06
16.731996394204863,-0.649639550031307,8.97409490250177e-06
16.781996394204864,-0.648639550031307,8.96387820439737e-06
16.83199639420486,-0.647639550031307,8.953990996497657e-06
16.88199639420486,-0.646639550031307,8.944396145689397e-06
16.931996394204862,-0.645639550031307,8.935061375514873e-06
16.981996394204863,-0.644639550031307,8.9259583195237e-06
17.031996394204864,-0.643639550031307,8.917061787801156e-06
17.08199639420486,-0.642639550031307,8.908349189372902e-06
17.13199639420486,-0.641639550031307,8.89980007031294e-06
17.181996394204862,-0.640639550031307,8.891395738818763e-06
17.231996394204863,-0.639639550031307,8.88311895630727e-06
17.281996394204864,-0.638639550031307,8.874953678981047e-06
17.331996394204864,-0.637639550031307,8.866884838105e-06
17.38199639420486,-0.636639550031307,8.858898149923648e-06
17.431996394204862,-0.635639550031307,8.850979948068978e-06
17.481996394204863,-0.634639550031307,8.843117032675995e-06
17.531996394204864,-0.633639550031307,8.835296531382002e-06
17.581996394204864,-0.632639550031307,8.827505768032282e-06
17.63199639420486,-0.631639550031307,8.819732135309458e-06
17.681996394204862,-0.630639550031307,8.811962967682247e-06
17.731996394204863,-0.629639550031307,8.804185411045547e-06
17.781996394204864,-0.628639550031307,8.796386285193773e-06
17.831996394204864,-0.627639550031307,8.78855193480855e-06
17.88199639420486,-0.626639550031307,8.780668063902738e-06
17.931996394204862,-0.625639550031307,8.772719547566826e-06
17.981996394204863,-0.624639550031307,8.764690213288436e-06
18.031996394204864,-0.623639550031307,8.756562581874788e-06
18.081996394204864,-0.622639550031307,8.748317554815258e-06
18.13199639420486,-0.621639550031307,8.739934030335018e-06
18.181996394204862,-0.620639550031307,8.731388423716244e-06
18.231996394204863,-0.619639550031307,8.722654057585682e-06
18.281996394204864,-0.618639550031307,8.713700372953863e-06
18.331996394204864,-0.617639550031307,8.70449188874548e-06
18.381996394204865,-0.616639550031307,8.694986800985174e-06
18.41366099767535,-0.6160062579618972,8.688791603333673e-06
18.46366099767535,-0.6150062579618972,8.678687122841175e-06
18.513660997675352,-0.6140062579618972,8.66823592114684e-06
18.563660997675353,-0.6130062579618972,8.65752288837727e-06
18.613660997675353,-0.6120062579618972,8.646623742585937e-06
18.66366099767535,-0.6110062579618972,8.635607538880437e-06
18.71366099767535,-0.6100062579618972,8.624538645645769e-06
18.763660997675352,-0.6090062579618972,8.613478368157964e-06
18.813660997675353,-0.6080062579618972,8.60248634721006e-06
18.863660997675353,-0.6070062579618972,8.591621829054099e-06
18.91366099767535,-0.6060062579618972,8.580944885585435e-06
18.96366099767535,-0.6050062579618972,8.570517656397214e-06
19.013660997675352,-0.6040062579618972,8.560405685485625e-06
19.063660997675353,-0.6030062579618972,8.550679435060335e-06
19.113660997675353,-0.6020062579618972,8.541416078866717e-06
19.163660997675354,-0.6010062579618972,8.532701711606462e-06
19.21366099767535,-0.6000062579618972,8.524634166821395e-06
19.263660997675352,-0.5990062579618972,8.517326726293678e-06
19.313660997675353,-0.5980062579618972,8.510913153953296e-06
19.363660997675353,-0.5970062579618972,8.50555474240947e-06
19.413660997675354,-0.5960062579618972,8.501450511082514e-06
19.46366099767535,-0.5950062579618972,8.498852529759672e-06
19.513660997675352,-0.5940062579618972,8.498089977635484e-06
19.552716221760058,-0.5932251534802031,8.499053038043143e-06
19.60271622176006,-0.5922251534802031,8.50167502636852e-06
19.65271622176006,-0.5912251534802031,8.505085705396141e-06
19.70271622176006,-0.5902251534802031,8.509308978426287e-06
19.752716221760057,-0.5892251534802031,8.51436966826249e-06
19.802716221760058,-0.5882251534802031,8.520293546893603e-06
19.85271622176006,-0.5872251534802031,8.527107363914766e-06
19.90271622176006,-0.5862251534802031,8.534838873110738e-06
19.95271622176006,-0.5852251534802031,8.543516856505741e-06
20.002716221760057,-0.5842251534802031,8.553171145043757e-06
20.052716221760058,-0.5832251534802031,8.563832634899507e-06
20.10271622176006,-0.5822251534802031,8.57553329822957e-06
20.15271622176006,-0.5812251534802031,8.588306186951944e-06
20.20271622176006,-0.5802251534802031,8.602185427887066e-06
20.25271622176006,-0.5792251534802031,8.617206207300402e-06
20.302716221760058,-0.5782251534802031,8.633404742552733e-06
20.35271622176006,-0.5772251534802031,8.650818238186528e-06
20.40271622176006,-0.5762251534802031,8.669484823353333e-06
20.45271622176006,-0.5752251534802031,8.689443467018096e-06
20.50271622176006,-0.5742251534802031,8.710733866863942e-06
20.552716221760058,-0.5732251534802031,8.733396307271406e-06
20.60271622176006,-0.5722251534802031,8.757471481170636e-06
20.65271622176006,-0.5712251534802031,8.783000269981815e-06
20.70271622176006,-0.5702251534802031,8.81002347529559e-06
20.75271622176006,-0.5692251534802031,8.838581495440775e-06
20.802716221760058,-0.5682251534802031,8.868713939695483e-06
20.85271622176006,-0.5672251534802031,8.900459172692425e-06
20.90271622176006,-0.5662251534802031,8.933853781642613e-06
20.95271622176006,-0.5652251534802031,8.968931959471046e-06
21.00271622176006,-0.5642251534802031,9.00572479796355e-06
21.052716221760058,-0.5632251534802031,9.044259486728308e-06
21.10271622176006,-0.5622251534802031,9.084558416356463e-06
21.15271622176006,-0.5612251534802031,9.126638187803324e-06
21.20271622176006,-0.5602251534802031,9.170508534866547e-06
21.25271622176006,-0.5592251534802031,9.216171172820807e-06
21.30271622176006,-0.5582251534802031,9.26361859379793e-06
21.35271622176006,-0.5572251534802031,9.312832838250672e-06
21.40271622176006,-0.5562251534802031,9.36378428147835e-06
21.45271622176006,-0.5552251534802031,9.416430484139252e-06
21.50271622176006,-0.5542251534802031,9.470715165053553e-06
21.55271622176006,-0.5532251534802031,9.52656736224861e-06
21.60271622176006,-0.5522251534802031,9.583900852726325e-06
21.65271622176006,-0.5512251534802031,9.642613901359517e-06
21.70271622176006,-0.5502251534802031,9.702589403299485e-06
21.75271622176006,-0.5492251534802031,9.763695471361207e-06
21.80271622176006,-0.5482251534802031,9.825786499827974e-06
21.852716221760062,-0.5472251534802031,9.888704709745529e-06
21.90271622176006,-0.5462251534802031,9.952282149927146e-06
21.95271622176006,-0.5452251534802031,1.0016343095459424e-05
22.00271622176006,-0.5442251534802031,1.0080706755075887e-05
22.05271622176006,-0.5432251534802031,1.0145190174093804e-05
22.102716221760062,-0.5422251534802031,1.020961120392306e-05
22.141480139337755,-0.5414498751286492,1.0259398693981974e-05
22.191480139337756,-0.5404498751286492,1.0323950778851733e-05
22.241480139337753,-0.5394498751286492,1.0389443548020754e-05
22.291480139337754,-0.5384498751286492,1.0455903903493074e-05
22.341480139337754,-0.5374498751286492,1.0523359756440498e-05
22.391480139337755,-0.5364498751286492,1.059184006278023e-05
22.441480139337756,-0.5354498751286492,1.066137485838509e-05
22.491480139337757,-0.5344498751286492,1.0731995293516838e-05
22.541480139337754,-0.5334498751286492,1.0803733665983714e-05
22.591480139337754,-0.5324498751286492,1.0876623452417671e-05
22.641480139337755,-0.5314498751286492,1.0950699336942863e-05
22.691480139337756,-0.5304498751286492,1.1025997236361374e-05
22.741480139337757,-0.5294498751286492,1.1102554320812316e-05
22.791480139337754,-0.5284498751286492,1.11804090286622e-05
22.841480139337754,-0.5274498751286492,1.125960107415453e-05
22.891480139337755,-0.5264498751286492,1.1340171446080663e-05
22.941480139337756,-0.5254498751286492,1.1422162395427745e-05
22.991480139337757,-0.5244498751286492,1.1505617409609162e-05
23.041480139337757,-0.5234498751286492,1.1590581170484193e-05
23.091480139337754,-0.5224498751286492,1.1677099492923349e-05
23.141480139337755,-0.5214498751286492,1.176521924017201e-05
23.191480139337756,-0.5204498751286492,1.1854988211707433e-05
23.241480139337757,-0.5194498751286492,1.194645499867519e-05
23.291480139337757,-0.5184498751286492,1.2039668801337985e-05
23.341480139337754,-0.5174498751286492,1.2134679202284551e-05
23.391480139337755,-0.5164498751286491,1.2231535888449808e-05
23.441480139337756,-0.5154498751286491,1.2330288314320342e-05
23.491480139337757,-0.5144498751286491,1.2430985298086048e-05
23.541480139337757,-0.5134498751286491,1.2533674542010613e-05
23.591480139337754,-0.5124498751286491,1.2638402068012835e-05
23.641480139337755,-0.5114498751286491,1.2745211559483381e-05
23.691480139337756,-0.5104498751286491,1.2854143600841819e-05
23.741480139337757,-0.5094498751286491,1.2965234807428557e-05
23.791480139337757,-0.5084498751286491,1.307851684021561e-05
23.841480139337754,-0.5074498751286491,1.3194015302720042e-05
23.891480139337755,-0.5064498751286491,1.3311748521633671e-05
23.941480139337756,-0.5054498751286491,1.34317262182482e-05
23.991480139337757,-0.5044498751286491,1.3553948084914654e-05
24.041480139337757,-0.5034498751286491,1.3678402289594822e-05
24.091480139337758,-0.5024498751286491,1.3805063941951164e-05
24.141480139337755,-0.5014498751286491,1.393389356607071e-05
24.191480139337756,-0.5004498751286491,1.4064835637227552e-05
24.241480139337757,-0.49944987512864913,1.4197817252113644e-05
24.291480139337757,-0.49844987512864913,1.4332747012402766e-05
24.341480139337758,-0.49744987512864913,1.4469514208731411e-05
24.391480139337755,-0.49644987512864913,1.4607988394365313e-05
24.441480139337756,-0.49544987512864913,1.4748019433187806e-05
24.491480139337757,-0.49444987512864913,1.488943809376959e-05
24.541480139337757,-0.49344987512864913,1.5032057239464627e-05
24.591480139337758,-0.49244987512864913,1.5175673634123525e-05
24.64148013933776,-0.4914498751286491,1.5320070345865115e-05
24.691480139337756,-0.4904498751286492,1.5465019690504275e-05
24.741480139337757,-0.4894498751286491,1.5610286615906377e-05
24.791480139337757,-0.4884498751286491,1.575563239346479e-05
24.819003476245694,-0.4878994083904904,1.5835587390307347e-05
24.869003476245695,-0.4868994083904904,1.5983026039668878e-05
24.919003476245692,-0.4858994083904904,1.613510600165408e-05
24.969003476245692,-0.4848994083904904,1.6292027045663434e-05
25.019003476245693,-0.4838994083904904,1.645400372986512e-05
25.069003476245694,-0.4828994083904904,1.6621266964037725e-05
25.119003476245695,-0.4818994083904904,1.679406578802158e-05
25.169003476245695,-0.4808994083904904,1.6972669402554447e-05
25.219003476245692,-0.4798994083904904,1.7157369496726413e-05
25.269003476245693,-0.4788994083904904,1.7348482925489007e-05
25.319003476245694,-0.4778994083904904,1.754635480204603e-05
25.369003476245695,-0.4768994083904904,1.775136208411481e-05
25.419003476245695,-0.4758994083904904,1.7963917750708448e-05
25.469003476245692,-0.4748994083904904,1.8184475688179135e-05
25.519003476245693,-0.4738994083904904,1.8413536431939695e-05
25.569003476245694,-0.4728994083904904,1.865165394496933e-05
25.619003476245695,-0.4718994083904904,1.889944365759808e-05
25.669003476245695,-0.4708994083904904,1.915759204701774e-05
25.719003476245696,-0.4698994083904904,1.942686810124466e-05
25.769003476245693,-0.4688994083904904,1.9708137091782332e-05
25.819003476245694,-0.4678994083904904,2.000237717037714e-05
25.869003476245695,-0.4668994083904904,2.031069940002617e-05
25.919003476245695,-0.4658994083904904,2.0634371905920024e-05
25.969003476245696,-0.4648994083904904,2.0974848831802017e-05
26.019003476245693,-0.4638994083904904,2.133380457932418e-05
26.069003476245694,-0.4628994083904904,2.171317309002782e-05
26.119003476245695,-0.4618994083904904,2.2115190009427728e-05
26.169003476245695,-0.4608994083904904,2.2542430849555437e-05
26.219003476245696,-0.45989940839049037,2.2997826976630143e-05
26.269003476245693,-0.45889940839049037,2.3484614388396082e-05
26.319003476245694,-0.45789940839049037,2.4006106028633736e-05
26.369003476245695,-0.45689940839049037,2.4565024869770922e-05
26.419003476245695,-0.45589940839049037,2.5161779042084093e-05
26.469003476245696,-0.45489940839049037,2.5790338412914393e-05
26.519003476245693,-0.45389940839049037,2.642959028101752e-05
26.569003476245694,-0.45289940839049037,2.7030758209617866e-05
26.619003476245695,-0.45189940839049036,2.751690335733031e-05
26.669003476245695,-0.45089940839049036,2.782148934094418e-05
26.719003476245696,-0.4498994083904903,2.7934292306290813e-05
26.727290507618275,-0.4497336677630388,2.7936651198782653e-05
26.77729050761827,-0.4487336677630388,2.6742600613390256e-05
26.806891392489835,-0.44932568546047,2.087687579121977e-05
26.856891392489835,-0.45032568546047,1.879434455273074e-05
26.906891392489836,-0.45132568546047,1.7350836449382714e-05
26.956891392489833,-0.45232568546047003,1.6245043212029567e-05
27.006891392489834,-0.45332568546047003,1.5363899265033795e-05
27.049184557696336,-0.4541715487646001,1.4749864182830362e-05
27.099184557696336,-0.4551715487646001,1.4037146150727474e-05
27.149184557696337,-0.4561715487646001,1.3294649856674736e-05
27.199184557696338,-0.4571715487646001,1.2566316424212734e-05
27.24918455769634,-0.4581715487646001,1.1866082401652672e-05
27.29918455769634,-0.4591715487646001,1.1197756851408641e-05
27.349184557696336,-0.4601715487646001,1.05614108346945e-05
27.399184557696337,-0.4611715487646001,9.955708881675055e-06
27.449184557696338,-0.4621715487646001,9.378834814366724e-06
27.49918455769634,-0.4631715487646001,8.828876685310043e-06
27.54918455769634,-0.4641715487646001,8.303987273422332e-06
27.599184557696336,-0.4651715487646001,7.80244663380454e-06
27.649184557696337,-0.4661715487646001,7.322680769937104e-06
27.699184557696338,-0.4671715487646001,6.863260704176739e-06
27.74918455769634,-0.4681715487646001,6.422893213025383e-06
27.79918455769634,-0.4691715487646001,6.000408542523801e-06
27.84918455769634,-0.4701715487646001,5.594747600475237e-06
27.899184557696337,-0.4711715487646001,5.204949755504692e-06
27.949184557696338,-0.4721715487646001,4.8301417028535504e-06
27.99918455769634,-0.4731715487646001,4.4695275297357425e-06
28.04918455769634,-0.4741715487646001,4.122379957931468e-06
28.09918455769634,-0.4751715487646001,3.7880326730097835e-06
28.149184557696337,-0.4761715487646001,3.465873624995694e-06
28.199184557696338,-0.4771715487646001,3.155339182230843e-06
28.24918455769634,-0.4781715487646001,2.85590902712599e-06
28.29918455769634,-0.4791715487646001,2.5671016935419703e-06
28.34918455769634,-0.4801715487646001,2.288470657657859e-06
28.399184557696337,-0.4811715487646001,2.0196009059316205e-06
28.449184557696338,-0.4821715487646001,1.7601059144813548e-06
28.49918455769634,-0.4831715487646001,1.5096249836903264e-06
28.54918455769634,-0.4841715487646001,1.2678208800529475e-06
28.558063198577855,-0.4843491215822304,1.22576594264716e-06
28.608063198577856,-0.4853491215822304,9.923346722178147e-07
28.658063198577853,-0.4863491215822304,7.638843489066254e-07
28.708063198577854,-0.4873491215822304,5.399528712259956e-07
28.758063198577855,-0.4883491215822304,3.2013833276219036e-07
28.808063198577855,-0.48934912158223043,1.0408835926804337e-07
28.858063198577856,-0.49034912158223043,-1.0850825643659973e-07
28.908063198577853,-0.49134912158223043,-3.179282000744495e-07
28.958063198577854,-0.49234912158223043,-5.244189759109646e-07
29.008063198577855,-0.49334912158223043,-7.282032422874764e-07
29.058063198577855,-0.49434912158223043,-9.294823651083012e-07
29.108063198577856,-0.49534912158223043,-1.1284393558152152e-06
29.158063198577857,-0.49634912158223043,-1.3252413201019446e-06
29.208063198577854,-0.49734912158223044,-1.5200415141857017e-06
29.258063198577855,-0.49834912158223044,-1.7129810836682023e-06
29.308063198577855,-0.49934912158223044,-1.9041905437073564e-06
29.358063198577856,-0.5003491215822304,-2.09379104687549e-06
29.408063198577857,-0.5013491215822304,-2.2818954756431046e-06
29.458063198577854,-0.5023491215822304,-2.4686093891463415e-06
29.508063198577855,-0.5033491215822304,-2.6540318482310967e-06
29.558063198577855,-0.5043491215822304,-2.83825613832323e-06
29.608063198577856,-0.5053491215822304,-3.0213704061635544e-06
29.658063198577857,-0.5063491215822304,-3.2034582236535178e-06
29.708063198577854,-0.5073491215822304,-3.3845990898221346e-06
29.758063198577855,-0.5083491215822304,-3.5648688801253483e-06
29.808063198577855,-0.5093491215822304,-3.74434025083321e-06
29.858063198577856,-0.5103491215822304,-3.923083005077437e-06
29.908063198577857,-0.5113491215822304,-4.101164426167268e-06
29.958063198577854,-0.5123491215822304,-4.27864958299278e-06
30.008063198577855,-0.5133491215822304,-4.455601611688944e-06
30.058063198577855,-0.5143491215822305,-4.632081977204639e-06
30.108063198577856,-0.5153491215822305,-4.808150717988481e-06
30.158063198577857,-0.5163491215822305,-4.983866676651561e-06
30.208063198577857,-0.5173491215822305,-5.159287719183433e-06
30.258063198577855,-0.5183491215822305,-5.33447094507242e-06
30.308063198577855,-0.5193491215822305,-5.509472890506571e-06
30.358063198577856,-0.5203491215822305,-5.684349726702191e-06
30.408063198577857,-0.5213491215822305,-5.859157455318133e-06
30.458063198577857,-0.5223491215822305,-6.033952102863806e-06
30.508063198577855,-0.5233491215822305,-6.2087899159951025e-06
30.558063198577855,-0.5243491215822305,-6.383727559615127e-06
30.608063198577856,-0.5253491215822305,-6.558822319756587e-06
30.658063198577857,-0.5263491215822305,-6.734132313321705e-06
30.708063198577857,-0.5273491215822305,-6.909716706897353e-06
30.758063198577858,-0.5283491215822305,-7.08563594705193e-06
30.808063198577855,-0.5293491215822305,-7.261952004763706e-06
30.858063198577856,-0.5303491215822305,-7.4387286369355154e-06
30.908063198577857,-0.5313491215822305,-7.6160316683297894e-06
30.958063198577857,-0.5323491215822305,-7.793929297724582e-06
31.008063198577858,-0.5333491215822305,-7.972492432663898e-06
31.058063198577855,-0.5343491215822305,-8.151795057877509e-06
31.108063198577856,-0.5353491215822305,-8.331914643305969e-06
31.158063198577857,-0.5363491215822305,-8.5129325987242e-06
31.208063198577857,-0.5373491215822305,-8.694934783260667e-06
31.258063198577858,-0.5383491215822305,-8.878012079722773e-06
31.265171509180046,-0.5384912877942742,-8.904132294080755e-06
31.315171509180047,-0.5394912877942742,-9.089571922359182e-06
31.365171509180044,-0.5404912877942742,-9.277579496188499e-06
31.415171509180045,-0.5414912877942742,-9.467305765562566e-06
31.465171509180045,-0.5424912877942742,-9.65807497179515e-06
31.515171509180046,-0.5434912877942742,-9.849332629980151e-06
31.565171509180047,-0.5444912877942742,-1.0040611167640517e-05
31.615171509180044,-0.5454912877942742,-1.0231506415368515e-05
31.665171509180045,-0.5464912877942742,-1.0421660963468535e-05
31.715171509180045,-0.5474912877942743,-1.0610752007784011e-05
31.765171509180046,-0.5484912877942743,-1.0798482209485077e-05
31.815171509180047,-0.5494912877942743,-1.0984572620253997e-05
31.865171509180044,-0.5504912877942743,-1.1168757042951622e-05
31.915171509180045,-0.5514912877942743,-1.1350777396364431e-05
31.965171509180045,-0.5524912877942743,-1.1530379779234278e-05
32.01517150918004,-0.5534912877942743,-1.1707311010859934e-05
32.06517150918005,-0.5544912877942743,-1.188131547916337e-05
32.115171509180044,-0.5554912877942743,-1.205213216182904e-05
32.16517150918005,-0.5564912877942743,-1.2219491707767325e-05
32.215171509180045,-0.5574912877942743,-1.2383113478232456e-05
32.26517150918005,-0.5584912877942743,-1.2542702451468735e-05
32.31517150918005,-0.5594912877942743,-1.2697945892774856e-05
32.365171509180044,-0.5604912877942743,-1.2848509683589197e-05
32.41517150918005,-0.5614912877942743,-1.2994034188139615e-05
32.465171509180045,-0.5624912877942743,-1.3134129513173962e-05
32.51517150918005,-0.5634912877942743,-1.3268369983221266e-05
32.56517150918005,-0.5644912877942743,-1.3396287607486246e-05
32.615171509180044,-0.5654912877942743,-1.3517364249934566e-05
32.66517150918005,-0.5664912877942743,-1.3631022123965785e-05
32.715171509180045,-0.5674912877942743,-1.37366121060256e-05
32.76517150918005,-0.5684912877942743,-1.3833399181218477e-05
32.81517150918005,-0.5694912877942743,-1.3920544071212822e-05
32.865171509180044,-0.5704912877942743,-1.3997079706836792e-05
32.91517150918005,-0.5714912877942743,-1.4061880623050899e-05
32.965171509180045,-0.5724912877942743,-1.4113622451381765e-05
33.01517150918005,-0.5734912877942743,-1.4150727253432079e-05
33.06517150918005,-0.5744912877942743,-1.4171288097777572e-05
33.09949835544075,-0.5751778247194883,-1.4174633394609294e-05
33.14949835544075,-0.5761778247194883,-1.4169302737772242e-05
33.199498355440745,-0.5771778247194883,-1.4157086284190649e-05
33.24949835544075,-0.5781778247194883,-1.4137553952827611e-05
33.29949835544075,-0.5791778247194883,-1.4110257760428807e-05
33.34949835544075,-0.5801778247194883,-1.4074737861569893e-05
33.39949835544075,-0.5811778247194883,-1.40305319135994e-05
33.449498355440745,-0.5821778247194883,-1.3977188853838092e-05
33.49949835544075,-0.5831778247194883,-1.391428834100186e-05
33.54949835544075,-0.5841778247194883,-1.3841467161448912e-05
33.59949835544075,-0.5851778247194883,-1.375845369965952e-05
33.64949835544075,-0.5861778247194883,-1.3665110927467917e-05
33.69949835544075,-0.5871778247194883,-1.3561487045727523e-05
33.74949835544075,-0.5881778247194883,-1.344787072663999e-05
33.79949835544075,-0.5891778247194883,-1.3324844883243984e-05
33.84949835544075,-0.5901778247194883,-1.3193329533561392e-05
33.89949835544075,-0.5911778247194883,-1.305460181134022e-05
33.94949835544075,-0.5921778247194883,-1.2910281259456263e-05
33.99949835544075,-0.5931778247194883,-1.2762272836422526e-05
34.04949835544075,-0.5941778247194883,-1.2612668762424403e-05
34.09949835544075,-0.5951778247194883,-1.2463621170393179e-05
34.14949835544075,-0.5961778247194883,-1.2317206225176646e-05
34.19949835544075,-0.5971778247194883,-1.217530287003678e-05
34.24949835544075,-0.5981778247194883,-1.2039504467554677e-05
34.29949835544075,-0.5991778247194883,-1.1911071813909686e-05
34.34949835544075,-0.6001778247194883,-1.1790925737103101e-05
34.39949835544075,-0.6011778247194883,-1.1679670358835991e-05
34.44949835544075,-0.6021778247194883,-1.1577635371859378e-05
34.49949835544075,-0.6031778247194883,-1.1484926537536543e-05
34.54949835544075,-0.6041778247194883,-1.1401476346597325e-05
34.59949835544075,-0.6051778247194883,-1.1327089899620944e-05
34.64949835544075,-0.6061778247194883,-1.1261483670552409e-05
34.69949835544075,-0.6071778247194883,-1.1204316617915108e-05
34.74949835544074,-0.6081778247194882,-1.1155214158335499e-05
34.79949835544075,-0.6091778247194883,-1.1113786008592379e-05
34.84949835544075,-0.6101778247194883,-1.107963903898633e-05
34.89949835544075,-0.6111778247194883,-1.1052386222330171e-05
34.94949835544075,-0.6121778247194883,-1.1031652616270832e-05
34.99949835544074,-0.6131778247194882,-1.1017079145159944e-05
35.022580122784184,-0.6136394600663571,-1.101233465748057e-05
35.07258012278419,-0.6146394600663571,-1.1012377672896155e-05
35.122580122784186,-0.6156394600663571,-1.1026667283596255e-05
35.17258012278418,-0.6166394600663571,-1.105134391591012e-05
35.22258012278419,-0.6176394600663571,-1.1083952249464166e-05
35.272580122784184,-0.6186394600663571,-1.1122812188271905e-05
35.32258012278419,-0.6196394600663571,-1.1166710961555868e-05
35.372580122784186,-0.6206394600663571,-1.1214736169991149e-05
35.42258012278418,-0.6216394600663571,-1.1266178105875233e-05
35.47258012278419,-0.6226394600663571,-1.132046912397407e-05
35.522580122784184,-0.6236394600663571,-1.1377144175209241e-05
35.57258012278419,-0.6246394600663571,-1.1435814081125947e-05
35.622580122784186,-0.6256394600663571,-1.1496146814986685e-05
35.67258012278419,-0.6266394600663571,-1.1557853995540447e-05
35.72258012278419,-0.6276394600663571,-1.1620680874867054e-05
35.772580122784184,-0.6286394600663571,-1.1684398724325245e-05
35.82258012278419,-0.6296394600663571,-1.1748798896663169e-05
35.872580122784186,-0.6306394600663571,-1.1813688074067555e-05
35.92258012278419,-0.6316394600663571,-1.1878884359090213e-05
35.97258012278419,-0.6326394600663571,-1.1944213960538002e-05
36.022580122784184,-0.6336394600663571,-1.2009508288427884e-05
36.07258012278419,-0.6346394600663571,-1.2074601312182022e-05
36.122580122784186,-0.6356394600663571,-1.2139327061046848e-05
36.17258012278419,-0.6366394600663571,-1.220351715915999e-05
36.22258012278419,-0.6376394600663571,-1.2266998291811913e-05
36.272580122784184,-0.6386394600663571,-1.2329589494933829e-05
36.32258012278419,-0.6396394600663571,-1.2391099146156012e-05
36.372580122784186,-0.6406394600663571,-1.245132151107338e-05
36.42258012278419,-0.6416394600663571,-1.2510032659079912e-05
36.47258012278419,-0.6426394600663571,-1.2566985503247294e-05
36.522580122784184,-0.6436394600663571,-1.2621903628233617e-05
36.57258012278419,-0.6446394600663571,-1.267447343253958e-05
36.57583847333081,-0.6447046270772896,-1.267780942811709e-05
36.625838473330816,-0.6457046270772896,-1.2720528086378219e-05
36.67583847333081,-0.6467046270772896,-1.275220511052223e-05
36.72583847333081,-0.6477046270772896,-1.2777690108487115e-05
36.775838473330815,-0.6487046270772896,-1.279951901760485e-05
36.82583847333081,-0.6497046270772896,-1.2819235953164151e-05
36.875838473330816,-0.6507046270772896,-1.2837882923719472e-05
36.92583847333081,-0.6517046270772896,-1.2856220076170143e-05
36.97583847333081,-0.6527046270772896,-1.2874838436437632e-05
37.025838473330815,-0.6537046270772896,-1.2894223429042717e-05
37.07583847333081,-0.6547046270772896,-1.29147935551438e-05
37.125838473330816,-0.6557046270772896,-1.2936925622756988e-05
37.17583847333081,-0.6567046270772896,-1.2960972342478248e-05
37.22583847333081,-0.6577046270772896,-1.2987275487346097e-05
37.275838473330815,-0.6587046270772896,-1.3016176509912208e-05
37.32583847333081,-0.6597046270772896,-1.3048025831826083e-05
37.375838473330816,-0.6607046270772896,-1.308319166983635e-05
37.42583847333081,-0.6617046270772896,-1.3122069097625488e-05
37.47583847333081,-0.6627046270772896,-1.3165090001743505e-05
37.525838473330815,-0.6637046270772896,-1.32127346490083e-05
37.57583847333081,-0.6647046270772896,-1.3265545746273057e-05
37.625838473330816,-0.6657046270772896,-1.3324146171676766e-05
37.67583847333081,-0.6667046270772896,-1.3389262054710636e-05
37.72583847333081,-0.6677046270772896,-1.3461753704174849e-05
37.775838473330815,-0.6687046270772896,-1.35426582597023e-05
37.82583847333081,-0.6697046270772896,-1.3633250319261367e-05
37.875838473330816,-0.6707046270772896,-1.3735131067850353e-05
37.907202773799355,-0.6713319130866604,-1.3805698541944267e-05
37.95720277379935,-0.6723319130866604,-1.3923611359176845e-05
38.00720277379936,-0.6733319130866604,-1.4043438924710752e-05
38.057202773799354,-0.6743319130866604,-1.4165309594409002e-05
38.10720277379935,-0.6753319130866604,-1.4289365704183461e-05
38.157202773799355,-0.6763319130866604,-1.4415765824558278e-05
38.20720277379935,-0.6773319130866604,-1.4544687504094904e-05
38.25720277379936,-0.6783319130866604,-1.4676330637851252e-05
38.307202773799354,-0.6793319130866604,-1.4810921644273167e-05
38.35720277379935,-0.6803319130866604,-1.4948718701111187e-05
38.407202773799355,-0.6813319130866604,-1.5090018388264838e-05
38.45720277379935,-0.6823319130866604,-1.523516422915536e-05
38.50720277379936,-0.6833319130866604,-1.538455783909406e-05
38.557202773799354,-0.6843319130866604,-1.553867372447214e-05
38.60720277379935,-0.6853319130866604,-1.569807930964408e-05
38.657202773799355,-0.6863319130866604,-1.5863462642568e-05
38.70720277379935,-0.6873319130866604,-1.6035671716401283e-05
38.75720277379936,-0.6883319130866604,-1.6215771978454157e-05
38.807202773799354,-0.6893319130866604,-1.6405133502509015e-05
38.82436394780595,-0.6896751365667924,-1.64725711179856e-05
38.87436394780595,-0.6906751365667924,-1.668144816906856e-05
38.92436394780595,-0.6916751365667924,-1.691164654393062e-05
38.97436394780595,-0.6926751365667924,-1.7163840429642717e-05
39.02436394780595,-0.6936751365667924,-1.743858670392771e-05
39.07436394780595,-0.6946751365667924,-1.773625662920041e-05
39.12436394780595,-0.6956751365667924,-1.8056941470944764e-05
39.17436394780595,-0.6966751365667924,-1.840032392991881e-05
39.224363947805955,-0.6976751365667924,-1.8765506181036523e-05
39.27436394780595,-0.6986751365667924,-1.915078560380699e-05
39.32436394780595,-0.6996751365667924,-1.9553372802119122e-05
39.37436394780595,-0.7006751365667924,-1.9969056245215508e-05
39.42436394780595,-0.7016751365667924,-2.0391837851855897e-05
39.474363947805955,-0.7026751365667924,-2.0813597596827535e-05
39.52436394780595,-0.7036751365667924,-2.1223891267023857e-05
39.57436394780595,-0.7046751365667924,-2.161002947453363e-05
39.62436394780595,-0.7056751365667924,-2.1957593886661284e-05
39.67436394780595,-0.7066751365667924,-2.2251472606021376e-05
39.724363947805955,-0.7076751365667924,-2.2477321155220336e-05
39.77436394780595,-0.7086751365667924,-2.2623137656325713e-05
39.82436394780595,-0.7096751365667924,-2.268051837264827e-05
39.83028454114279,-0.7097935484335292,-2.2681216356422695e-05
39.88028454114279,-0.7107935484335292,-2.2651050572367878e-05
39.93028454114279,-0.7117935484335292,-2.2542381173974077e-05
39.980284541142794,-0.7127935484335292,-2.231108637724992e-05
40.03028454114279,-0.7137935484335292,-2.1851138738911803e-05
40.08028454114279,-0.7147935484335292,-2.069716312320186e-05
40.11523931331592,-0.7154926438769917,-1.3488543485867093e-05
40.12614327458026,-0.7157107231022786,-1.3173238794518533e-05
40.17614327458026,-0.7167107231022786,-1.1725129938736691e-05
40.22614327458026,-0.7177107231022786,-1.0815356234690732e-05
40.244483169357245,-0.7180775209978183,-1.0706643856369725e-05
40.29448316935725,-0.7190775209978183,-1.0587306409547443e-05
40.34448316935725,-0.7200775209978183,-1.0495370893674277e-05
40.39448316935725,-0.7210775209978183,-1.0419944360945095e-05
40.44448316935725,-0.7220775209978183,-1.0355730071500235e-05
40.494483169357245,-0.7230775209978183,-1.029968353624463e-05
40.54448316935725,-0.7240775209978183,-1.0249866917053504e-05
40.59448316935725,-0.7250775209978183,-1.02049581336629e-05
40.64448316935725,-0.7260775209978183,-1.0164008475179403e-05
40.69448316935725,-0.7270775209978183,-1.0126310423543457e-05
40.744483169357245,-0.7280775209978183,-1.009132004801842e-05
40.79448316935725,-0.7290775209978183,-1.0058608749966867e-05
40.84448316935725,-0.7300775209978183,-1.002783184764279e-05
40.89448316935725,-0.7310775209978183,-9.998707339587564e-06
40.94448316935725,-0.7320775209978183,-9.971001090031934e-06
40.994483169357245,-0.7330775209978183,-9.944516214735312e-06
41.04448316935725,-0.7340775209978183,-9.919085299804957e-06
41.09448316935725,-0.7350775209978183,-9.894564582462689e-06
41.14448316935725,-0.7360775209978183,-9.870829522254476e-06
41.19448316935725,-0.7370775209978183,-9.847771377886961e-06
41.24448316935725,-0.7380775209978183,-9.825294524591581e-06
41.29448316935725,-0.7390775209978183,-9.803314325642799e-06
41.34448316935725,-0.7400775209978183,-9.781755424600215e-06
41.39448316935725,-0.7410775209978183,-9.760550361171656e-06
41.44448316935725,-0.7420775209978183,-9.739638438976246e-06
41.49448316935725,-0.7430775209978183,-9.718964791515023e-06
41.54448316935725,-0.7440775209978183,-9.698479605655044e-06
41.59448316935725,-0.7450775209978183,-9.678137471434208e-06
41.64448316935725,-0.7460775209978183,-9.6578968340268e-06
41.69448316935725,-0.7470775209978183,-9.637719528976293e-06
41.74448316935725,-0.7480775209978183,-9.61757038578818e-06
41.79448316935725,-0.7490775209978183,-9.597416888023175e-06
41.84448316935725,-0.7500775209978183,-9.577228880382493e-06
41.89448316935725,-0.7510775209978183,-9.556978315107095e-06
41.94448316935725,-0.7520775209978183,-9.536639031448649e-06
41.99448316935725,-0.7530775209978183,-9.516186563105164e-06
42.04448316935725,-0.7540775209978183,-9.495597969418022e-06
42.09448316935725,-0.7550775209978183,-9.474851686851589e-06
42.14448316935725,-0.7560775209978183,-9.45392739786089e-06
42.19448316935725,-0.7570775209978183,-9.432805914726918e-06
42.24448316935725,-0.7580775209978183,-9.411469076326052e-06
42.29448316935725,-0.7590775209978183,-9.389899656117352e-06
42.34448316935725,-0.7600775209978183,-9.36808127989319e-06
42.39448316935725,-0.7610775209978183,-9.345998352055397e-06
42.44448316935725,-0.7620775209978183,-9.32363598935951e-06
42.49448316935725,-0.7630775209978183,-9.300979961220504e-06
42.54448316935725,-0.7640775209978183,-9.27801663579988e-06
42.59448316935725,-0.7650775209978183,-9.254732931200672e-06
42.64448316935725,-0.7660775209978183,-9.231116271187123e-06
42.69448316935725,-0.7670775209978183,-9.207154544922288e-06
42.74448316935725,-0.7680775209978183,-9.182836070282104e-06
42.79448316935725,-0.7690775209978183,-9.158149560360164e-06
42.84448316935725,-0.7700775209978183,-9.133084092825225e-06
42.89448316935725,-0.7710775209978183,-9.107629081834577e-06
42.94448316935725,-0.7720775209978183,-9.081774252241833e-06
42.99448316935725,-0.7730775209978183,-9.055509615868357e-06
43.04448316935725,-0.7740775209978183,-9.028825449634134e-06
43.094483169357254,-0.7750775209978183,-9.001712275367013e-06
43.14448316935725,-0.7760775209978183,-8.974160841129351e-06
43.19448316935725,-0.7770775209978183,-8.94616210391877e-06
43.24448316935725,-0.7780775209978184,-8.917707213615087e-06
43.29448316935725,-0.7790775209978184,-8.888787498059068e-06
43.344483169357254,-0.7800775209978184,-8.859394449160497e-06
43.39448316935725,-0.7810775209978184,-8.829519709943647e-06
43.44448316935725,-0.7820775209978184,-8.799155062447381e-06
43.49448316935725,-0.7830775209978184,-8.768292416405444e-06
43.54448316935725,-0.7840775209978184,-8.736923798639694e-06
43.594483169357254,-0.7850775209978184,-8.705041343105508e-06
43.64448316935725,-0.7860775209978184,-8.672637281534373e-06
43.69448316935725,-0.7870775209978184,-8.639703934623767e-06
43.74448316935725,-0.7880775209978184,-8.606233703729017e-06
43.79448316935725,-0.7890775209978184,-8.572219063015923e-06
43.844483169357254,-0.7900775209978184,-8.537652552036603e-06
43.89448316935725,-0.7910775209978184,-8.502526768694282e-06
43.94448316935725,-0.7920775209978184,-8.466834362565715e-06
43.99448316935725,-0.7930775209978184,-8.430568028552602e-06
44.04448316935725,-0.7940775209978184,-8.393720500835695e-06
44.094483169357254,-0.7950775209978184,-8.356284547107508e-06
44.14448316935725,-0.7960775209978184,-8.318252963061472e-06
44.19448316935725,-0.7970775209978184,-8.27961856711709e-06
44.24448316935725,-0.7980775209978184,-8.2403741953623e-06
44.29448316935725,-0.7990775209978184,-8.200512696695672e-06
44.297750516398835,-0.7991428679386501,-8.197886217184831e-06
44.34775051639884,-0.8001428679386501,-8.157963037616319e-06
44.39775051639884,-0.8011428679386501,-8.118603147422273e-06
44.447750516398834,-0.8021428679386501,-8.07978272989935e-06
44.49775051639884,-0.8031428679386501,-8.041479871762892e-06
44.547750516398835,-0.8041428679386501,-8.003674362156256e-06
44.59775051639884,-0.8051428679386501,-7.966347518356095e-06
44.64775051639884,-0.8061428679386501,-7.929482033967146e-06
44.69775051639884,-0.8071428679386501,-7.893061846162207e-06
44.74775051639884,-0.8081428679386501,-7.85707201913e-06
44.797750516398835,-0.8091428679386501,-7.821498641380489e-06
44.84775051639884,-0.8101428679386501,-7.786328734950143e-06
44.89775051639884,-0.8111428679386501,-7.751550174868628e-06
44.94775051639884,-0.8121428679386501,-7.717151617508925e-06
44.99775051639884,-0.8131428679386501,-7.683122436656722e-06
45.047750516398835,-0.8141428679386501,-7.64945266631136e-06
45.09775051639884,-0.8151428679386501,-7.6161329493769235e-06
45.14775051639884,-0.8161428679386501,-7.58315449152393e-06
45.19775051639884,-0.8171428679386501,-7.550509019604005e-06
45.24775051639884,-0.8181428679386501,-7.5181887440855835e-06
45.297750516398835,-0.8191428679386501,-7.486186325050917e-06
45.34775051639884,-0.8201428679386501,-7.454494841355826e-06
45.39775051639884,-0.8211428679386501,-7.423107762605608e-06
45.44775051639884,-0.8221428679386501,-7.392018923644837e-06
45.49775051639884,-0.8231428679386501,-7.361222501296699e-06
45.547750516398835,-0.8241428679386501,-7.330712993120095e-06
45.59775051639884,-0.8251428679386501,-7.300485197980705e-06
45.64775051639884,-0.8261428679386501,-7.27053419825649e-06
45.69775051639884,-0.8271428679386501,-7.240855343518991e-06
45.74775051639884,-0.8281428679386501,-7.211444235550078e-06
45.797750516398835,-0.8291428679386501,-7.182296714569565e-06
45.84775051639884,-0.8301428679386501,-7.1534088465630415e-06
45.89775051639884,-0.8311428679386501,-7.1247769116113144e-06
45.94775051639884,-0.8321428679386501,-7.096397393133535e-06
45.99775051639884,-0.8331428679386501,-7.0682669679654285e-06
46.047750516398835,-0.8341428679386501,-7.0403824972022705e-06
46.09775051639884,-0.8351428679386501,-7.012741017743579e-06
46.14775051639884,-0.8361428679386501,-6.985339734482914e-06
46.19775051639884,-0.8371428679386501,-6.958176013091926e-06
46.24775051639884,-0.8381428679386501,-6.9312473733528795e-06
46.297750516398835,-0.8391428679386501,-6.904551482998456e-06
46.34775051639884,-0.8401428679386501,-6.878086152021649e-06
46.39775051639884,-0.8411428679386501,-6.851849327422268e-06
46.44775051639884,-0.8421428679386501,-6.825839088359776e-06
46.49775051639884,-0.8431428679386501,-6.800053641685196e-06
46.54775051639884,-0.8441428679386501,-6.774491317827382e-06
46.59775051639884,-0.8451428679386501,-6.749150567011456e-06
46.64775051639884,-0.8461428679386501,-6.724029955789294e-06
46.69775051639884,-0.8471428679386501,-6.699128163863998e-06
46.74775051639884,-0.8481428679386501,-6.674443981192039e-06
46.79775051639884,-0.8491428679386501,-6.6499763053484446e-06
46.84775051639884,-0.8501428679386501,-6.625724139141915e-06
46.89775051639884,-0.8511428679386501,-6.6016865884681186e-06
46.94775051639884,-0.8521428679386501,-6.577862860390768e-06
46.99775051639884,-0.8531428679386501,-6.554252261441226e-06
47.04775051639884,-0.8541428679386501,-6.530854196128524e-06
47.09775051639884,-0.8551428679386501,-6.507668165652765e-06
47.14775051639884,-0.8561428679386501,-6.484693766815824e-06
47.19775051639884,-0.8571428679386501,-6.461930691124223e-06
47.24775051639884,-0.8581428679386501,-6.43937872407997e-06
47.29775051639884,-0.8591428679386501,-6.417037744655988e-06
47.34775051639884,-0.8601428679386501,-6.394907724953622e-06
47.39775051639884,-0.8611428679386501,-6.372988730040506e-06
47.44775051639884,-0.8621428679386501,-6.351280917967889e-06
47.49775051639884,-0.8631428679386501,-6.3297845399673e-06
47.54775051639884,-0.8641428679386501,-6.3084999408272344e-06
47.59775051639884,-0.8651428679386501,-6.2874275594513354e-06
47.64775051639884,-0.8661428679386501,-6.266567929600333e-06
47.69775051639884,-0.8671428679386501,-6.2459216808208694e-06
47.74775051639884,-0.8681428679386501,-6.225489539565147e-06
47.79775051639884,-0.8691428679386501,-6.20527233050622e-06
47.84775051639884,-0.8701428679386501,-6.185270978054693e-06
47.897750516398844,-0.8711428679386501,-6.165486508083531e-06
47.94775051639884,-0.8721428679386501,-6.145920049868693e-06
47.99775051639884,-0.8731428679386501,-6.126572838254409e-06
48.04775051639884,-0.8741428679386501,-6.107446216053052e-06
48.09775051639884,-0.8751428679386501,-6.0885416366908105e-06
48.147750516398844,-0.8761428679386501,-6.069860667111676e-06
48.19775051639884,-0.8771428679386502,-6.051404990953727e-06
48.24775051639884,-0.8781428679386502,-6.033176412013256e-06
48.29775051639884,-0.8791428679386502,-6.015176858013977e-06
48.34775051639884,-0.8801428679386502,-5.997408384700431e-06
48.397750516398844,-0.8811428679386502,-5.979873180276764e-06
48.44775051639884,-0.8821428679386502,-5.962573570214263e-06
48.49775051639884,-0.8831428679386502,-5.945512022453616e-06
48.54775051639884,-0.8841428679386502,-5.928691153030454e-06
48.59775051639884,-0.8851428679386502,-5.91211373215596e-06
48.647750516398844,-0.8861428679386502,-5.895782690787535e-06
48.69775051639884,-0.8871428679386502,-5.879701127728433e-06
48.74775051639884,-0.8881428679386502,-5.863872317299347e-06
48.79775051639884,-0.8891428679386502,-5.848299717629718e-06
48.84775051639884,-0.8901428679386502,-5.832986979621779e-06
48.897750516398844,-0.8911428679386502,-5.817937956646219e-06
48.94775051639884,-0.8921428679386502,-5.803156715035089e-06
48.99775051639884,-0.8931428679386502,-5.788647545445024e-06
49.04775051639884,-0.8941428679386502,-5.774414975172388e-06
49.09775051639884,-0.8951428679386502,-5.760463781511536e-06
49.147750516398844,-0.8961428679386502,-5.746799006258376e-06
49.19775051639884,-0.8971428679386502,-5.733425971473837e-06
49.24775051639884,-0.8981428679386502,-5.720350296636048e-06
49.29775051639884,-0.8991428679386502,-5.707577917326329e-06
49.34775051639884,-0.9001428679386502,-5.69511510561274e-06
49.397750516398844,-0.9011428679386502,-5.682968492316364e-06
49.41610840416579,-0.9015100256939892,-5.678589505397929e-06
49.466108404165794,-0.9025100256939892,-5.666835710374957e-06
49.51610840416579,-0.9035100256939892,-5.6553091732093484e-06
49.566108404165796,-0.9045100256939892,-5.644010815828266e-06
49.61610840416579,-0.9055100256939892,-5.6329415745496805e-06
49.66610840416579,-0.9065100256939892,-5.622102400420521e-06
49.716108404165794,-0.9075100256939892,-5.611494259564322e-06
49.76610840416579,-0.9085100256939892,-5.601118133538564e-06
49.816108404165796,-0.9095100256939892,-5.5909750197018985e-06
49.86610840416579,-0.9105100256939892,-5.581065931591425e-06
49.91610840416579,-0.9115100256939892,-5.571391899310164e-06
49.966108404165794,-0.9125100256939892,-5.561953969924858e-06
50.01610840416579,-0.9135100256939892,-5.552753207874174e-06
50.06610840416579,-0.9145100256939892,-5.543790695387371e-06
50.116108404165786,-0.9155100256939892,-5.535067532913426e-06
50.166108404165776,-0.9165100256939892,-5.526584839560571e-06
50.21610840416577,-0.9175100256939892,-5.518343753546107e-06
50.26610840416576,-0.9185100256939892,-5.510345432656298e-06
50.31610840416576,-0.9195100256939892,-5.502591054716037e-06
50.36610840416576,-0.9205100256939892,-5.4950818180678575e-06
50.41610840416575,-0.9215100256939892,-5.487818942059742e-06
50.466108404165745,-0.9225100256939892,-5.480803667540998e-06
50.516108404165735,-0.9235100256939892,-5.4740372573652825e-06
50.56610840416573,-0.9245100256939892,-5.467520996899635e-06
50.61610840416573,-0.9255100256939892,-5.461256194538085e-06
50.66610840416572,-0.9265100256939892,-5.4552441822181155e-06
50.716108404165716,-0.9275100256939892,-5.449486315937832e-06
50.76610840416571,-0.9285100256939892,-5.443983976271276e-06
50.8161084041657,-0.9295100256939892,-5.4387385688787775e-06
50.8661084041657,-0.9305100256939892,-5.4337515250085785e-06
50.9161084041657,-0.9315100256939892,-5.429024301985243e-06
50.96610840416569,-0.9325100256939892,-5.4245583836794424e-06
51.016108404165685,-0.9335100256939892,-5.4203552809526505e-06
51.066108404165675,-0.9345100256939892,-5.416416532068994e-06
51.11610840416567,-0.9355100256939892,-5.412743703064994e-06
51.16610840416567,-0.9365100256939892,-5.409338388066098e-06
51.21610840416566,-0.9375100256939892,-5.406202209536701e-06
51.26610840416566,-0.9385100256939892,-5.403336818447756e-06
51.31610840416565,-0.9395100256939892,-5.400743894342842e-06
51.366108404165644,-0.9405100256939892,-5.398425145279762e-06
51.41610840416564,-0.9415100256939892,-5.396382307620074e-06
51.46610840416563,-0.9425100256939892,-5.394617145633256e-06
51.51610840416563,-0.9435100256939892,-5.393131450875361e-06
51.566108404165625,-0.9445100256939892,-5.391927041293481e-06
51.616108404165615,-0.9455100256939892,-5.391005759996978e-06
51.66610840416561,-0.9465100256939892,-5.390369473623578e-06
51.71610840416561,-0.9475100256939892,-5.390020070212502e-06
51.7661084041656,-0.9485100256939892,-5.3899594564770095e-06
51.8161084041656,-0.9495100256939892,-5.390189554343898e-06
51.86610840416559,-0.9505100256939892,-5.390712296596357e-06
51.916108404165584,-0.9515100256939892,-5.3915296214171465e-06
51.96610840416558,-0.9525100256939892,-5.3926434655788685e-06
52.01610840416557,-0.9535100256939892,-5.394055755964018e-06
52.06610840416557,-0.9545100256939892,-5.395768399014686e-06
52.11610840416556,-0.9555100256939892,-5.397783267604572e-06
52.166108404165556,-0.9565100256939892,-5.400102184685493e-06
52.21610840416555,-0.9575100256939892,-5.402726902875572e-06
52.26610840416554,-0.9585100256939892,-5.405659078909943e-06
52.31610840416554,-0.9595100256939892,-5.4089002415439946e-06
52.36610840416554,-0.9605100256939892,-5.412451751050066e-06
52.41610840416553,-0.9615100256939892,-5.41631474783191e-06
52.466108404165524,-0.9625100256939892,-5.4204900868243425e-06
52.51610840416552,-0.9635100256939892,-5.424978253138327e-06
52.56610840416551,-0.9645100256939892,-5.429779252686252e-06
52.61610840416551,-0.9655100256939892,-5.434892469015234e-06
52.6661084041655,-0.9665100256939892,-5.44031647386868e-06
52.716108404165496,-0.9675100256939893,-5.446048773402909e-06
52.76610840416549,-0.9685100256939893,-5.452085463357996e-06
52.81610840416548,-0.9695100256939893,-5.458420752838526e-06
52.86610840416548,-0.9705100256939893,-5.465046294166743e-06
52.91610840416547,-0.9715100256939893,-5.47195021898715e-06
52.96610840416547,-0.9725100256939893,-5.479115715793793e-06
53.016108404165465,-0.9735100256939893,-5.486518865674473e-06
53.066108404165455,-0.9745100256939893,-5.494125226140428e-06
53.11610840416545,-0.9755100256939893,-5.501884190136769e-06
53.16610840416545,-0.9765100256939893,-5.509719128946957e-06
53.21610840416544,-0.9775100256939893,-5.517508860040462e-06
53.266108404165436,-0.9785100256939893,-5.525049193954354e-06
53.31610840416543,-0.9795100256939893,-5.53196104888293e-06
53.36610840416542,-0.9805100256939893,-5.5374159711447e-06
53.41610840416542,-0.9815100256939893,-5.538869224862013e-06
53.454581015236144,-0.9822794779154038,-5.520474568541489e-06
53.45458101523617,-0.9822794779154043,-5.520474568541489e-06
