E,<I>,I (raw),j,j
V vs. RHE,mA,\g(m)A,\g(m)A/cm\+(-2),mA/cm\+(-2)
-0.19545141,-0.00241693839780055,-2.41693839780055,-15.8953592214282,-0.0158953592214282
-0.19600469,-0.00239731367158431,-2.39731367158431,-15.7662942551414,-0.0157662942551414
-0.1969915,-0.00232852095198016,-2.32852095198016,-15.3138685785408,-0.0153138685785408
-0.19788259,-0.00214025563521621,-2.14025563521621,-14.075713381196,-0.014075713381196
-0.19850864,-0.00175913698907,-1.75913698907,-11.5692292308382,-0.0115692292308382
-0.19867183,-0.0012733972089336,-1.2733972089336,-8.37468844302503,-0.00837468844302503
-0.19833398,-7.9044193489608E-4,-0.79044193489608,-5.19846037875344,-0.00519846037875344
-0.19763282,-3.85720651188926E-4,-0.385720651188926,-2.53674992931166,-0.00253674992931166
-0.19665048,-1.10894195501032E-4,-0.110894195501032,-0.729312370834225,-7.29312370834225E-4
-0.19557029,3.80684926539013E-5,0.0380684926539013,0.250363172806855,2.50363172806855E-4
-0.19444726,1.24947915019725E-4,0.124947915019725,0.821738772909725,8.21738772909725E-4
-0.19334054,1.74752432359229E-4,0.174752432359229,1.14928567881419,0.00114928567881419
-0.19224595,2.01723238660635E-4,0.201723238660635,1.3266632466672,0.0013266632466672
-0.19122009,2.29834415525451E-4,0.229834415525451,1.51154063320299,0.00151154063320299
-0.19018216,2.7324758980285E-4,0.27324758980285,1.79705390930042,0.00179705390930042
-0.1891807,3.25942795143419E-4,0.325942795143419,2.14361186001092,0.00214361186001092
-0.18817332,3.81130814528458E-4,0.381130814528458,2.50656417755556,0.00250656417755556
-0.18717869,4.43108024076839E-4,0.443108024076839,2.9141666262608,0.0029141666262608
-0.18621118,5.04210003580536E-4,0.504210003580536,3.3160129928192,0.0033160129928192
-0.18519695,5.67948742094198E-4,0.567948742094198,3.73520040194692,0.00373520040194692
-0.18419705,6.27660497280483E-4,0.627660497280483,4.12790374899611,0.00412790374899611
-0.18319963,6.82609866645282E-4,0.682609866645282,4.48928654875604,0.00448928654875604
-0.1822035,7.50766190726104E-4,0.750766190726104,4.93752687439389,0.00493752687439389
-0.18122795,8.24306079670758E-4,0.824306079670758,5.4211730248059,0.0054211730248059
-0.18024093,8.95936541736673E-4,0.895936541736673,5.89226154190288,0.00589226154190288
-0.17926708,9.65577945155219E-4,0.965577945155219,6.35026871537058,0.00635026871537058
-0.17830043,0.00102543351850828,1.02543351850828,6.7439179042441,0.0067439179042441
-0.17731236,0.00108070123173497,1.08070123173497,7.10739434033556,0.00710739434033556
-0.17631665,0.0011341919583477,1.1341919583477,7.45918415645099,0.00745918415645099
-0.17531392,0.00120136709877746,1.20136709877746,7.90097158009922,0.00790097158009923
-0.17430313,0.00125557395616247,1.25557395616247,8.25747113804558,0.00825747113804558
-0.17329384,0.00131230013772034,1.31230013772034,8.63053941067635,0.00863053941067635
-0.17228922,0.00138042996342038,1.38042996342038,9.0786054657239,0.0090786054657239
-0.17128906,0.00146131589473145,1.46131589473145,9.61056396963907,0.00961056396963907
-0.17027763,0.00153748123153087,1.53748123153087,10.1114767731055,0.0101114767731055
-0.16927321,0.00160492152109429,1.60492152109429,10.5550079899471,0.0105550079899471
-0.16829257,0.0016731573325362,1.6731573325362,11.0037710761813,0.0110037710761813
-0.16729856,0.00175048962561656,1.75048962561656,11.512358543304,0.011512358543304
-0.16633767,0.00182928043169442,1.82928043169442,12.0305381407208,0.0120305381407208
-0.16534767,0.00191308351744131,1.91308351744131,12.5816817499345,0.0125816817499345
-0.16434538,0.00199279209300585,1.99279209300585,13.1058971965424,0.0131058971965424
-0.16334096,0.00205284356909236,2.05284356909236,13.5008347692338,0.0135008347692338
-0.1623482,0.00211866612840417,2.11866612840417,13.933726739541,0.013933726739541
-0.16134274,0.00218600035946616,2.18600035946616,14.3765604466818,0.0143765604466818
-0.16032898,0.00225940763711051,2.25940763711051,14.8593344589139,0.0148593344589139
-0.15933518,0.00231406530070268,2.31406530070268,15.2187988117465,0.0152187988117465
-0.15834032,0.00237829662485941,2.37829662485941,15.6412257845102,0.0156412257845102
-0.15733717,0.00244231584029977,2.44231584029977,16.0622577923696,0.0160622577923696
-0.15634209,0.00249352601066575,2.49352601066575,16.3990491870111,0.0163990491870111
-0.1553413,0.00255075609089142,2.55075609089142,16.775431425088,0.016775431425088
-0.15432586,0.00259504451969406,2.59504451969406,17.0667009443324,0.0170667009443324
-0.15332036,0.00264092396638363,2.64092396638363,17.3684340322235,0.0173684340322235
-0.15231849,0.00268107519392895,2.68107519392895,17.6324946245807,0.0176324946245807
-0.15130921,0.00271178529692406,2.71178529692406,17.8344642400573,0.0178344642400573
-0.15031263,0.00274846244630882,2.74846244630882,18.0756770344005,0.0180756770344005
-0.14931203,0.00278047194660761,2.78047194660761,18.2861923318572,0.0182861923318572
-0.14829893,0.00282415057699837,2.82415057699837,18.5734514200462,0.0185734514200462
-0.14731722,0.00286400999963615,2.86400999963615,18.8355929135004,0.0188355929135004
-0.14631152,0.00289636440599377,2.89636440599377,19.0483765375756,0.0190483765375756
-0.14535953,0.00291678480910681,2.91678480910681,19.1826743927562,0.0191826743927562
-0.14435002,0.00294359650635873,2.94359650635873,19.3590055559928,0.0193590055559928
-0.14334306,0.00296321364545465,2.96321364545465,19.4880206244406,0.0194880206244406
-0.14233312,0.00297587130747463,2.97587130747463,19.571265644212,0.019571265644212
-0.14131853,0.00298645276375788,2.98645276375788,19.6408561844016,0.0196408561844016
-0.14031433,0.00300072040085473,3.00072040085473,19.7346894476332,0.0197346894476332
-0.13931522,0.0030197882481136,3.0197882481136,19.8600920156237,0.0198600920156237
-0.1383159,0.00303129789750125,3.03129789750125,19.9357869574956,0.0199357869574956
-0.13732846,0.00304140205015654,3.04140205015654,20.0022384385223,0.0200022384385223
-0.1363287,0.00304081864002607,3.04081864002607,19.9984015539721,0.0199984015539721
-0.13531411,0.00303026383274604,3.03026383274604,19.9289862749638,0.0199289862749638
-0.13431521,0.00301583683944449,3.01583683944449,19.8341049816624,0.0198341049816624
-0.13332482,0.00300103875835905,3.00103875835905,19.7367831736862,0.0197367831736862
-0.13234693,0.00299098746957801,2.99098746957801,19.6706793598868,0.0196706793598868
-0.13133146,0.00298504723024154,2.98504723024154,19.631612481641,0.019631612481641
-0.13032895,0.0029897145973842,2.9897145973842,19.6623081242847,0.0196623081242847
-0.12930566,0.0029772767478183,2.9772767478183,19.5805087342085,0.0195805087342085
-0.12830506,0.00296770301267518,2.96770301267518,19.5175456238002,0.0195175456238002
-0.12729514,0.00296178907552126,2.96178907552126,19.4786517258175,0.0194786517258175
-0.12630811,0.00294301308652697,2.94301308652697,19.3551686076406,0.0193551686076406
-0.12532088,0.00291590960195107,2.91590960195107,19.1769184611419,0.0191769184611419
-0.12432665,0.0028895486654316,2.8895486654316,19.0035517937202,0.0190035517937202
-0.12335504,0.00288045143069843,2.88045143069843,18.9437224599908,0.0189437224599908
-0.12237513,0.00286260434182219,2.86260434182219,18.8263483932778,0.0188263483932778
-0.12138408,0.00284311238849316,2.84311238849316,18.6981566278715,0.0186981566278715
-0.12036799,0.00281672482904267,2.81672482904267,18.5246148707362,0.0185246148707362
-0.11935721,0.00278269981390622,2.78269981390622,18.3008442365319,0.0183008442365319
-0.11832563,0.00273130407751725,2.73130407751725,17.962832439005,0.017962832439005
-0.11730446,0.00270046134614354,2.70046134614354,17.7599905730305,0.0177599905730305
-0.11629665,0.00266786830292808,2.66786830292808,17.5456375177351,0.0175456375177351
-0.11527971,0.0026385371760019,2.6385371760019,17.3527369459683,0.0173527369459683
-0.11427423,0.00261299844937135,2.61299844937135,17.1847776656573,0.0171847776656573
-0.11329614,0.00258159887986646,2.58159887986646,16.9782736698863,0.0169782736698863
-0.11228152,0.00255465457869125,2.55465457869125,16.8010704169858,0.0168010704169858
-0.11128518,0.00250819168367243,2.50819168367243,16.4955001933244,0.0164955001933244
-0.11026654,0.00246674075181848,2.46674075181848,16.2228918999227,0.0162228918999227
-0.10927126,0.00241401914435199,2.41401914435199,15.8761603116565,0.0158761603116565
-0.10828084,0.00236999586983681,2.36999586983681,15.5866346195002,0.0155866346195002
-0.10728683,0.00232682138347527,2.32682138347527,15.3026911104137,0.0153026911104137
-0.10630874,0.00228619281470957,2.28619281470957,15.0354912116612,0.0150354912116612
-0.10531832,0.00224681072662255,2.24681072662255,14.7764889807385,0.0147764889807385
-0.10430711,0.00220209795669588,2.20209795669588,14.4824287182112,0.0144824287182112
-0.1033235,0.00217690409752121,2.17690409752121,14.3167375106406,0.0143167375106406
-0.10234099,0.00214861908272466,2.14861908272467,14.130716852777,0.014130716852777
-0.10133185,0.00210779304042161,2.10779304042161,13.8622182395783,0.0138622182395783
-0.10035376,0.00207082407743858,2.07082407743858,13.6190862891762,0.0136190862891762
-0.099340431,0.00204814972009141,2.04814972009141,13.4699649646624,0.0134699649646624
-0.098316498,0.00201385938857534,2.01385938857534,13.2444494373466,0.0132444494373466
-0.0973178,0.00197980782003368,1.97980782003368,13.0205041706756,0.0130205041706756
-0.096313812,0.00194339590638669,1.94339590638669,12.7810357390907,0.0127810357390907
-0.095301129,0.00191273875013091,1.91273875013091,12.579414335816,0.012579414335816
-0.094308592,0.00187391357566312,1.87391357566312,12.3240747311485,0.0123240747311485
-0.093309276,0.00184094928085364,1.84094928085364,12.1072800838565,0.0121072800838565
-0.092309944,0.00179803992887173,1.79803992887173,11.8250802709313,0.0118250802709313
-0.091307014,0.00176136277342367,1.76136277342367,11.5838674367119,0.0115838674367119
-0.090292417,0.0017249243942893,1.7249243942893,11.3442249508651,0.0113442249508651
-0.089311555,0.00169076669721512,1.69076669721512,11.1195817139233,0.0111195817139233
-0.088327736,0.00165313479515641,1.65313479515641,10.8720898448905,0.0108720898448905
-0.087326922,0.00161125976592302,1.61125976592302,10.5966924112289,0.0105966924112289
-0.086328663,0.00156583105813803,1.56583105813803,10.2979236755983,0.0102979236755983
-0.085331455,0.0015222322632932,1.5222322632932,10.0111896378957,0.0100111896378957
-0.084355265,0.0014917077918047,1.4917077918047,9.81044085596754,0.00981044085596754
-0.083361469,0.00146707075873564,1.46707075873564,9.64841169910558,0.00964841169910558
-0.082347505,0.00144535085847667,1.44535085847667,9.50556750531718,0.00950556750531719
-0.081356183,0.0014183210317258,1.4183210317258,9.3278017805933,0.0093278017805933
-0.080349073,0.00139154176849843,1.39154176849843,9.15168392460176,0.00915168392460176
-0.079340421,0.00136061957346101,1.36061957346101,8.94831945388041,0.00894831945388041
-0.078340232,0.00132447276256344,1.32447276256344,8.71059451043596,0.00871059451043596
-0.077347495,0.00131253876821171,1.31253876821171,8.63210880002649,0.00863210880002649
-0.076354332,0.00128946642174318,1.28946642174318,8.48037004014237,0.00848037004014237
-0.075342923,0.00126928474926697,1.26928474926697,8.34764223293372,0.00834764223293371
-0.074337646,0.00124353382842755,1.24353382842755,8.17828742546419,0.00817828742546419
-0.07331647,0.00123003519224262,1.23003519224262,8.08951161249597,0.00808951161249597
-0.072325848,0.00121181593658548,1.21181593658548,7.96968993492204,0.00796968993492204
-0.071342438,0.0011948166932901,1.1948166932901,7.85789185230715,0.00785789185230715
-0.070350759,0.00117214207158314,1.17214207158314,7.70876878919136,0.00770876878919136
-0.069389433,0.0011515890454474,1.1515890454474,7.57359871873685,0.00757359871873685
-0.068409838,0.00112862282811774,1.12862282811774,7.42255793311128,0.00742255793311128
-0.067385904,0.00111149085791516,1.11149085791516,7.30988695201033,0.00730988695201033
-0.066384673,0.00109088487574303,1.09088487574303,7.17436860821041,0.00717436860821041
-0.06537389,0.00107701495178642,1.07701495178642,7.0831509653177,0.0070831509653177
-0.064366929,0.00105842439966687,1.05842439966687,6.9608874006634,0.0069608874006634
-0.063344903,0.00104230021012579,1.04230021012579,6.85484424079506,0.00685484424079506
-0.062345788,0.00102187984399886,1.02187984399886,6.72054662885923,0.00672054662885923
-0.061333314,9.98303618265101E-4,0.998303618265101,6.56549403113287,0.00656549403113287
-0.060335219,9.69247549613635E-4,0.969247549613635,6.37440242151724,0.00637440242151723
-0.059338056,9.64251929366989E-4,0.964251929366989,6.34154797291956,0.00634154797291956
-0.058329403,9.50116847535456E-4,0.950116847535456,6.24858647934531,0.00624858647934531
-0.057335597,9.43725542027905E-4,0.943725542027905,6.20655309652146,0.00620655309652146
-0.056344766,9.34337449305328E-4,0.934337449305328,6.14481089143869,0.00614481089143869
-0.055358388,9.22403476680406E-4,0.922403476680406,6.06632532391886,0.00606632532391886
-0.054391745,9.00763177570398E-4,0.900763177570398,5.9240046390699,0.0059240046390699
-0.053361647,8.86415889706568E-4,0.886415889706568,5.82964754057854,0.00582964754057854
-0.052354053,8.7578136082003E-4,0.87578136082003,5.75970796042374,0.00575970796042374
-0.051337969,8.60903660244125E-4,0.860903660244125,5.66186252288257,0.00566186252288256
-0.050348405,8.46768477610263E-4,0.846768477610263,5.56890036636662,0.00556890036636662
-0.049366485,8.50507850373109E-4,0.850507850373109,5.59349291427035,0.00559349291427035
-0.048388593,8.46795037230348E-4,0.846795037230348,5.56907503970642,0.00556907503970642
-0.047368057,8.34967131494425E-4,0.834967131494425,5.49128703704952,0.00549128703704952
-0.04635961,8.19585512443965E-4,0.819585512443965,5.39012750380005,0.00539012750380005
-0.045347344,7.98926479294297E-4,0.798926479294297,5.25426026226001,0.00525426026226001
-0.044348653,7.78585660959327E-4,0.778585660959327,5.1204858083532,0.0051204858083532
-0.043360583,7.66121281736155E-4,0.766121281736155,5.03851194199205,0.00503851194199205
-0.042356592,7.73838587873697E-4,0.773838587873697,5.08926596757648,0.00508926596757648
-0.041342419,7.82616725751318E-4,0.782616725751318,5.1469967127982,0.0051469967127982
-0.04034118,7.79726000372549E-4,0.779726000372549,5.12798542217207,0.00512798542217207
-0.039352927,7.59347716432946E-4,0.759347716432946,4.99396457007629,0.00499396457007629
-0.038350604,7.48140727864667E-4,0.748140727864667,4.92026012264588,0.00492026012264588
-0.037360195,7.36365853350032E-4,0.736365853350032,4.84282088779915,0.00484282088779915
-0.036375731,7.24909193296401E-4,0.724909193296401,4.76747443825952,0.00476747443825952
-0.035388082,7.1952569629098E-4,0.71952569629098,4.73206905976642,0.00473206905976642
-0.034378145,7.1207357005834E-4,0.71207357005834,4.68305902974702,0.00468305902974702
-0.033386465,7.01253435737374E-4,0.701253435737374,4.61189878751148,0.00461189878751148
-0.032374837,6.9435819644544E-4,0.69435819644544,4.56655120829195,0.00456655120829195
-0.031369999,6.93562614388714E-4,0.693562614388713,4.56131894312818,0.00456131894312818
-0.030370461,6.93509584127444E-4,0.693509584127444,4.56097018163171,0.00456097018163171
-0.029377291,6.83829824336298E-4,0.683829824336297,4.49730978416464,0.00449730978416464
-0.028354838,6.65663623648371E-4,0.665663623648371,4.3778370305827,0.0043778370305827
-0.027373768,6.44818877238626E-4,0.644818877238626,4.2407484178303,0.00424074841783031
-0.026381237,6.28137834812352E-4,0.628137834812352,4.13104303113332,0.00413104303113332
-0.025378307,6.21720005155013E-4,0.621720005155013,4.08883520824541,0.00408883520824541
-0.024390869,6.2484940619672E-4,0.62484940619672,4.10941618529932,0.00410941618529932
-0.023412134,6.13101011317163E-4,0.613101011317163,4.03215109775895,0.00403215109775895
-0.022381192,6.01034412385263E-4,0.601034412385263,3.95279329336559,0.00395279329336559
-0.021361073,5.91513751310739E-4,0.591513751310739,3.89017923255927,0.00389017923255927
-0.020337136,5.76609536589483E-4,0.576609536589483,3.79215942074973,0.00379215942074973
-0.019338874,5.61413596996217E-4,0.561413596996217,3.69222103640286,0.00369222103640286
-0.018354148,5.42382085266429E-4,0.542382085266429,3.56705743448934,0.00356705743448934
-0.017360391,5.40728024134294E-4,0.540728024134294,3.55617925244986,0.00355617925244986
-0.016376985,5.38129072740251E-4,0.538129072740251,3.53908685735822,0.00353908685735822
-0.015391458,5.3035871229036E-4,0.53035871229036,3.48798391210178,0.00348798391210178
-0.014419935,5.16594843702478E-4,0.516594843702478,3.39746375830721,0.00339746375830721
-0.013424645,5.03255285517905E-4,0.503255285517905,3.3097341457561,0.0033097341457561
-0.01242108,4.93999808087312E-4,0.493999808087312,3.2488641051051,0.0032488641051051
-0.011449559,4.92408616486905E-4,0.492408616486905,3.23839939400546,0.00323839939400546
-0.010453631,4.86627283407868E-4,0.486627283407868,3.20037758668359,0.00320037758668359
-0.0094341505,4.84240493733523E-4,0.484240493733523,3.18468050508059,0.00318468050508059
-0.0084257033,4.84479169952264E-4,0.484479169952264,3.18625019516369,0.00318625019516369
-0.0074282908,4.87396372288156E-4,0.487396372288156,3.2054356154842,0.0032054356154842
-0.0064238752,4.74375063479076E-4,0.474375063479076,3.1197990178606,0.0031197990178606
-0.00543092,4.67082086490538E-4,0.467082086490538,3.07183565680353,0.00307183565680353
-0.0044328724,4.74268973271644E-4,0.474268973271644,3.1191012996405,0.0031191012996405
-0.0034237881,4.62891895924461E-4,0.462891895924461,3.0442782377503,0.0030442782377503
-0.0024185244,4.57216639233593E-4,0.457216639233593,3.00695405776406,0.00300695405776406
-0.0014166561,4.55492847171021E-4,0.455492847171021,2.99561727976319,0.00299561727976319
-3.8804844E-4,4.46714728847532E-4,0.446714728847532,2.93788666314216,0.00293788666314216
6.1169756E-4,4.32261332030571E-4,0.432261332030571,2.84283172314679,0.00284283172314679
0.0015999837,4.23085438645407E-4,0.423085438645407,2.78248507895121,0.00278248507895121
0.0025986158,4.06802031826947E-4,0.406802031826947,2.67539480268947,0.00267539480268947
0.0036124203,4.07306074268694E-4,0.407306074268694,2.67870971368667,0.00267870971368667
0.0045966748,4.09719378416816E-4,0.409719378416816,2.69458117171798,0.00269458117171798
0.0055898419,4.12344844360431E-4,0.412344844360431,2.7118479437364,0.0027118479437364
0.0066004107,4.2618826791517E-4,0.42618826791517,2.80289130274679,0.00280289130274679
0.0076118279,4.40164314997874E-4,0.440164314997874,2.89480688035412,0.00289480688035412
0.0086206989,4.47563361704953E-4,0.447563361704953,2.94346782488302,0.00294346782488302
0.0096202334,4.46369946303095E-4,0.446369946303095,2.93561914883477,0.00293561914883477
0.010617432,4.36637134725972E-4,0.436637134725972,2.87160984831076,0.00287160984831076
0.011626515,4.33666911375339E-4,0.433666911375339,2.85207572730496,0.00285207572730496
0.012629232,4.28813733454568E-4,0.428813733454568,2.82015807210682,0.00282015807210682
0.013602876,4.19186984850562E-4,0.419186984850562,2.75684631069233,0.00275684631069233
0.014592011,4.23774940979153E-4,0.423774940979153,2.78701969484745,0.00278701969484745
0.015596636,4.36159770086103E-4,0.436159770086103,2.86847038789371,0.00286847038789371
0.016606782,4.21202518812911E-4,0.421202518812911,2.77010177321619,0.00277010177321619
0.01761077,4.06987826105857E-4,0.406987826105857,2.67661670673438,0.00267661670673438
0.018619642,3.89988527912364E-4,0.389988527912364,2.56481826307373,0.00256481826307373
0.019600714,3.85480129807548E-4,0.385480129807548,2.53516810423871,0.00253516810423871
0.020586876,3.85559684496508E-4,0.385559684496508,2.53569130762689,0.00253569130762689
0.021592779,3.9025372732087E-4,0.39025372732087,2.56656238690715,0.00256656238690715
0.022577882,3.93833878155823E-4,0.393833878155823,2.59010778783266,0.00259010778783266
0.023562791,3.94824757964133E-4,0.394824757964133,2.59662445806004,0.00259662445806004
0.024564214,3.98607484334611E-4,0.398607484334611,2.62150212749085,0.00262150212749085
0.025591975,4.01736868449614E-4,0.401736868449614,2.64208299322374,0.00264208299322374
0.026588112,4.03142409241912E-4,0.403142409241912,2.65132674383579,0.00265132674383579
0.02757661,3.92163126384225E-4,0.392163126384225,2.57911983729013,0.00257911983729013
0.0285719,3.89166392602016E-4,0.389166392602016,2.55941136644017,0.00255941136644017
0.0295795,3.89060306588364E-4,0.389060306588364,2.55871367580109,0.00255871367580109
0.030577758,3.8659394772367E-4,0.38659394772367,2.54249329543933,0.00254249329543933
0.031580895,3.84764055600803E-4,0.384764055600803,2.53045873441953,0.00253045873441953
0.032578733,4.02718082998238E-4,0.402718082998238,2.64853609841577,0.00264853609841577
0.033562139,4.13670837941835E-4,0.413670837941835,2.72056854014089,0.00272056854014089
0.034537055,4.21229034271975E-4,0.421229034271975,2.77027615612439,0.00277027615612439
0.035541043,4.24278830779362E-4,0.424278830779362,2.7903336019746,0.0027903336019746
0.036542486,4.34966415696182E-4,0.434966415696182,2.86062211309965,0.00286062211309965
0.037525468,4.30033674749412E-4,0.430033674749412,2.82818119968353,0.00282818119968353
0.038532007,4.26373890806847E-4,0.426373890806847,2.80411207963776,0.00280411207963776
0.039535362,4.35390701290494E-4,0.435390701290494,2.86341249118301,0.00286341249118301
0.04052683,4.37830540123389E-4,0.437830540123389,2.87945845856329,0.00287945845856329
0.041534424,4.42763243831402E-4,0.442763243831402,2.91189912707313,0.00291189912707313
0.042540543,4.51408748176619E-4,0.451408748176619,2.96875758790221,0.00296875758790221
0.043555144,4.54511588486639E-4,0.454511588486639,2.9891638843057,0.0029891638843057
0.044555526,4.58576769607786E-4,0.458576769607786,3.01589915992531,0.00301589915992531
0.045562066,4.55678467182629E-4,0.455678467182629,2.99683803771295,0.00299683803771295
0.046558835,4.60849891573568E-4,0.460849891573568,3.03084868873129,0.00303084868873129
0.047571313,4.61990234043696E-4,0.461990234043696,3.03834832265438,0.00303834832265438
0.048540503,4.62149369165369E-4,0.462149369165369,3.03939489873841,0.00303939489873841
0.04952709,4.46741230841024E-4,0.446741230841024,2.938060957492,0.002938060957492
0.050549541,4.42232856079905E-4,0.442232856079905,2.90841095218032,0.00290841095218032
0.051557779,4.2812422647229E-4,0.42812422647229,2.8156234256388,0.0028156234256388
0.052562196,4.27089970798988E-4,0.427089970798988,2.80882148750546,0.00280882148750546
0.053559393,4.18577043521712E-4,0.418577043521712,2.75283493972198,0.00275283493972198
0.054547459,4.17861008751669E-4,0.417861008751669,2.74812582926421,0.00274812582926421
0.055517711,4.17224527281077E-4,0.417224527281077,2.74393991305631,0.00274393991305631
0.056521282,4.09480680218623E-4,0.409480680218622,2.6930113370837,0.0026930113370837
0.057500865,3.98024082238003E-4,0.398024082238003,2.61766529577658,0.00261766529577658
0.05850761,3.91897928314696E-4,0.391897928314696,2.57737572226269,0.00257737572226269
0.059514999,3.91234939090486E-4,0.391234939090486,2.57301547382262,0.00257301547382262
0.060537029,3.90386299689757E-4,0.390386299689757,2.56743426904871,0.00256743426904871
0.061545264,3.71132812764095E-4,0.371132812764094,2.44081081384316,0.00244081081384316
0.06254182,3.56679423955736E-4,0.356679423955736,2.34575592651757,0.00234575592651757
0.063531376,3.51242827870616E-4,0.351242827870616,2.31000133393323,0.00231000133393323
0.064532399,3.45275858788025E-4,0.345275858788025,2.27075866348816,0.00227075866348816
0.065529525,3.54648015661917E-4,0.354648015661917,2.33239606406306,0.00233239606406306
0.066514067,3.61559097907755E-4,0.361559097907755,2.37784783685396,0.00237784783685396
0.067509353,3.67711731845095E-4,0.367711731845095,2.41831156016646,0.00241831156016646
0.068522468,3.64105023840643E-4,0.364105023840643,2.3945915020178,0.0023945915020178
0.06952922,3.50712426299854E-4,0.350712426299854,2.30651306815594,0.00230651306815594
0.070555493,3.5400090076918E-4,0.35400090076918,2.32814021555366,0.00232814021555366
0.071566485,3.51693660933154E-4,0.351693660933154,2.31296630543787,0.00231296630543787
0.072565161,3.43180750809955E-4,0.343180750809955,2.25697987047076,0.00225697987047076
0.073562376,3.41801739523363E-4,0.341801739523363,2.24791059514676,0.00224791059514676
0.074547045,3.47423954988497E-4,0.347423954988497,2.28488594152709,0.00228488594152709
0.075550616,3.39600568294273E-4,0.339600568294272,2.23343426119216,0.00223343426119216
0.07654696,3.49837280231845E-4,0.349837280231845,2.30075753829433,0.00230075753829433
0.077541836,3.51879320381463E-4,0.351879320381463,2.31418732274903,0.00231418732274903
0.078570649,3.50447218630102E-4,0.350447218630102,2.30476888999119,0.00230476888999119
0.079567634,3.43074668686919E-4,0.343074668686919,2.2562822054189,0.0022562822054189
0.080555715,3.51401972870412E-4,0.351401972870412,2.31104797498224,0.00231104797498224
0.081547819,3.4856431820016E-4,0.34856431820016,2.29238571185999,0.00229238571185999
0.082538866,3.3456177528832E-4,0.33456177528832,2.20029588044364,0.00220029588044364
0.083531387,3.26367101757167E-4,0.326367101757167,2.14640237633176,0.00214640237633176
0.084533259,3.28435650342525E-4,0.328435650342525,2.16000649750472,0.00216000649750472
0.085527487,3.42862517679048E-4,0.342862517679048,2.25488696237822,0.00225488696237822
0.086532652,3.44090549961958E-4,0.344090549961958,2.26296330155597,0.00226296330155597
0.087524645,3.47291342955536E-4,0.347291342955536,2.28401379852877,0.00228401379852877
0.088519298,3.38884506542552E-4,0.338884506542552,2.22872497328533,0.00222872497328533
0.089527324,3.42279085644906E-4,0.342279085644906,2.25104993377525,0.00225104993377525
0.090516672,3.3387226214169E-4,0.33387226214169,2.19576119343484,0.00219576119343484
0.091520861,3.37081176010341E-4,0.337081176010341,2.21686509856508,0.00221686509856508
0.092550538,3.304511803132E-4,0.3304511803132,2.17326193377674,0.00217326193377674
0.093556225,3.232377239581E-4,0.3232377239581,2.12582155213658,0.00212582155213658
0.094533049,3.08837395121171E-4,0.308837395121171,2.03111562170079,0.00203111562170079
0.095521763,3.01703528243202E-4,0.301703528243202,1.98419867223847,0.00198419867223847
0.096496254,3.0305603857212E-4,0.30305603857212,1.99309366002484,0.00199309366002484
0.097498551,3.07537931550743E-4,0.307537931550743,2.02256950390734,0.00202256950390734
0.098518021,3.22548235999421E-4,0.322548235999421,2.12128703078013,0.00212128703078013
0.099522024,3.22415627932868E-4,0.322415627932868,2.12041491386749,0.00212041491386749
0.10055211,3.10322510687104E-4,0.310322510687104,2.04088270779091,0.00204088270779091
0.10154974,3.096330125724E-4,0.3096330125724,2.03634811964183,0.00203634811964183
0.10256179,3.13080591569006E-4,0.313080591569006,2.05902164191496,0.00205902164191496
0.10353628,3.20506203302608E-4,0.320506203302608,2.10785729533992,0.00210785729533992
0.10453688,3.29894271670937E-4,0.329894271670937,2.16959934025331,0.00216959934025331
0.10552941,3.34959575512685E-4,0.334959575512685,2.20291207350442,0.00220291207350442
0.10652173,3.37903278199924E-4,0.337903278199924,2.22227177737495,0.00222227177737495
0.10751319,3.30091251285806E-4,0.330091251285806,2.17089480634401,0.00217089480634401
0.10851739,3.37107679923873E-4,0.337107679923873,2.21703940554235,0.00221703940554235
0.10952965,3.40316586390246E-4,0.340316586390246,2.2381432619904,0.0022381432619904
0.11051286,3.42040408415617E-4,0.342040408415617,2.24948023704612,0.00224948023704612
0.11149562,3.29947314361966E-4,0.329947314361966,2.16994818349597,0.00216994818349597
0.11247267,3.277991806701E-4,0.3277991806701,2.15582065888924,0.00215582065888924
0.11349066,3.20957019008954E-4,0.320957019008954,2.11082215269895,0.00211082215269895
0.11448021,3.20426624966785E-4,0.320426624966785,2.10733393643458,0.00210733393643458
0.11549716,3.07988753446707E-4,0.307988753446707,2.02553440197332,0.00202553440197332
0.11648544,3.02631721600241E-4,0.302631721600241,1.99030307558218,0.00199030307558218
0.1174871,3.14433107531741E-4,0.314433107531741,2.06791666675298,0.00206791666675298
0.11848026,3.31432406963156E-4,0.331432406963156,2.179715118555,0.002179715118555
0.11947832,3.46946589060179E-4,0.346946589060179,2.28174647263636,0.00228174647263636
0.12048018,3.52356679387515E-4,0.352356679387515,2.31732674611443,0.00231732674611443
0.12148142,3.60392226891943E-4,0.360392226891943,2.37017373395655,0.00237017373395655
0.12249027,3.65457529066286E-4,0.365457529066286,2.40348645624171,0.00240348645624171
0.12348982,3.62062977097191E-4,0.362062977097191,2.38116167419775,0.00238116167419775
0.12447896,3.39547527624342E-4,0.339547527624342,2.23308543124156,0.00223308543124156
0.12546849,3.18755851089413E-4,0.318755851089413,2.09634584051009,0.00209634584051009
0.12644555,2.92076762232482E-4,0.292076762232482,1.9208867963461,0.0019208867963461
0.12744848,2.81468773437155E-4,0.281468773437155,1.85112176109653,0.00185112176109653
0.12840961,2.73224870350908E-4,0.273224870350908,1.79690449140451,0.00179690449140451
0.12940319,2.80116259091302E-4,0.280116259091302,1.84222674689218,0.00184222674689218
0.13041672,2.81601391204984E-4,0.281601391204984,1.85199394181107,0.00185199394181107
0.13142051,2.86030205668593E-4,0.286030205668593,1.88112070684909,0.00188112070684909
0.13241303,2.93906642582443E-4,0.293906642582443,1.93292127993962,0.00193292127993962
0.13344163,2.95073521960553E-4,0.295073521960553,1.94059543783293,0.00194059543783293
0.13447577,2.92925417448309E-4,0.292925417448309,1.92646810513038,0.00192646810513038
0.13546278,2.92951940966507E-4,0.292951940966507,1.92664254104069,0.00192664254104069
0.13647611,2.96717771763927E-4,0.296717771763927,1.95140909419181,0.00195140909419181
0.13748837,2.99184136211908E-4,0.299184136211908,1.9676295112729,0.0019676295112729
0.13848896,3.03639476012703E-4,0.303639476012703,1.99693072418408,0.00199693072418408
0.13947725,3.06264970251707E-4,0.306264970251707,2.01419768229138,0.00201419768229138
0.14047106,3.11940235203818E-4,0.311940235203818,2.05152191660893,0.00205152191660893
0.14146508,3.07246192328926E-4,0.307246192328926,2.02065083699635,0.00202065083699635
0.14247797,3.02896926516244E-4,0.302896926516244,1.99204723563648,0.00199204723563648
0.14348409,3.01889138174578E-4,0.301889138174578,1.98541936389406,0.00198541936389406
0.14448087,3.01783077904676E-4,0.301783077904677,1.98472184256264,0.00198472184256264
0.14547022,2.92209392884817E-4,0.292209392884817,1.92175906179753,0.00192175906179753
0.14646253,2.91254641524576E-4,0.291254641524576,1.9154799957477,0.0019154799957477
0.14745888,2.77146028035229E-4,0.277146028035229,1.8226925752104,0.0018226925752104
0.14845152,2.73199232267004E-4,0.273199232267004,1.79673587868614,0.00179673587868614
0.14943926,2.78737217766118E-4,0.278737217766118,1.83315727401486,0.00183315727401486
0.15042311,2.78816785390113E-4,0.278816785390114,1.83368056247226,0.00183368056247226
0.15141118,2.80593612084581E-4,0.280593612084581,1.84536613071367,0.00184536613071367
0.15242621,2.79744998174971E-4,0.279744998174971,1.83978509358595,0.00183978509358594
0.15345183,2.78392477184752E-4,0.278392477184752,1.83089003568393,0.00183089003568393
0.15446921,2.72001157302131E-4,0.272001157302131,1.78885655832026,0.00178885655832026
0.15547743,2.74440993002321E-4,0.274440993002321,1.80490250509784,0.00180490250509784
0.15650307,2.62294862598841E-4,0.262294862598841,1.72502165000888,0.00172502165000888
0.15748669,2.56990860533632E-4,0.256990860533633,1.69013908195733,0.00169013908195733
0.15849067,2.62692657997832E-4,0.262692657997832,1.72763781133486,0.00172763781133486
0.15947431,2.63992120734557E-4,0.263992120734557,1.73618392364534,0.00173618392364534
0.16048211,2.62931332397581E-4,0.262931332397581,1.72920748945509,0.00172920748945509
0.1614757,2.57309106321675E-4,0.257309106321675,1.69223207329143,0.00169223207329143
0.16247737,2.59510253322838E-4,0.259510253322838,1.70670824790743,0.00170670824790743
0.16348518,2.51872494118288E-4,0.251872494118288,1.65647737470289,0.00165647737470289
0.16448171,2.55054893690007E-4,0.255054893690007,1.67740690456787,0.00167740690456787
0.16548763,2.61631831032598E-4,0.261631831032598,1.72066112310006,0.00172066112310006
0.16648844,2.59032873095243E-4,0.259032873095243,1.70356868497535,0.00170356868497535
0.16750897,2.47151920171341E-4,0.247151920171341,1.62543180950093,0.00162543180950093
0.16850236,2.49963082675701E-4,0.249963082675701,1.64391984290603,0.00164391984290603
0.16950792,2.48219452097172E-4,0.248219452097172,1.63245259391847,0.00163245259391847
0.17050695,2.44712098340946E-4,0.244712098340946,1.60938595394015,0.00160938595394015
0.17148291,2.4187447855992E-4,0.24187447855992,1.59072392027215,0.00159072392027215
0.1724799,2.50307818861175E-4,0.250307818861175,1.64618705232673,0.00164618705232673
0.17347351,2.5693781761523E-4,0.25693781761523,1.68979023721933,0.00168979023721933
0.17445733,2.54100176107386E-4,0.254100176107386,1.67112806066164,0.00167112806066164
0.17544073,2.59828497822431E-4,0.259828497822431,1.70880123076783,0.00170880123076783
0.17645469,2.60067148903748E-4,0.260067148903748,1.71037075553089,0.00171037075553089
0.17746526,2.63302589549615E-4,0.263302589549616,1.73164911800487,0.00173164911800486
0.17846714,2.73300637571891E-4,0.273300637571891,1.79740278593938,0.00179740278593938
0.17947812,2.752896400327E-4,0.2752896400327,1.81048376004928,0.00181048376004928
0.18048103,2.74308400927718E-4,0.274308400927718,1.80403049335867,0.00180403049335867
0.18148589,2.6059756545591E-4,0.26059756545591,1.71385911983561,0.00171385911983561
0.18246421,2.65662887992828E-4,0.265662887992828,1.74717197603831,0.00174717197603831
0.18347797,2.68076192545172E-4,0.268076192545172,1.76304343672805,0.00176304343672805
0.18444671,2.63408660556605E-4,0.263408660556605,1.73234670995036,0.00173234670995036
0.18544859,2.45375095119016E-4,0.245375095119016,1.61374625205932,0.00161374625205932
0.18644005,2.37021307662466E-4,0.237021307662466,1.5588063112639,0.0015588063112639
0.1874553,2.37472162957097E-4,0.237472162957097,1.56177142898124,0.00156177142898124
0.18844613,2.4367781091112E-4,0.24367781091112,1.60258380695524,0.00160258380695524
0.18944906,2.49963058548829E-4,0.249963058548829,1.64391968423202,0.00164391968423202
0.1904145,2.48798725925388E-4,0.248798725925388,1.63626227545418,0.00163626227545418
0.19138509,2.48849229946144E-4,0.248849229946144,1.63659442274961,0.00163659442274961
0.19240607,2.4709890473989E-4,0.24709890473989,1.625083145535,0.00162508314553499
0.19340411,2.40893226797803E-4,0.240893226797803,1.58427057033998,0.00158427057033998
0.19441913,2.45825943769281E-4,0.245825943769281,1.61671132607898,0.00161671132607898
0.19540191,2.50334348518461E-4,0.250334348518461,1.64636152861167,0.00164636152861167
0.19642203,2.58184246301123E-4,0.258184246301123,1.69798756311071,0.00169798756311071
0.19742665,2.62613075594547E-4,0.262613075594547,1.72711442567925,0.00172711442567925
0.19843321,2.63010898278379E-4,0.263010898278379,1.72973076644809,0.00172973076644809
0.19942635,2.6826184315117E-4,0.26826184315117,1.76426439588642,0.00176426439588642
0.20045349,2.66325883305601E-4,0.266325883305601,1.75153226452073,0.00175153226452073
0.20145175,2.69720441262205E-4,0.269720441262205,1.77385708594244,0.00177385708594244
0.20247015,2.61021892760658E-4,0.261021892760658,1.71664977223394,0.00171664977223394
0.20347671,2.42723112162618E-4,0.242723112162618,1.59630508691443,0.00159630508691443
0.20446284,2.26201156149526E-4,0.226201156149526,1.48764595596275,0.00148764595596275
0.20544501,2.20631985472311E-4,0.220631985472311,1.4510194666156,0.0014510194666156
0.20644155,2.19783348736909E-4,0.219783348736909,1.44543827937061,0.00144543827937061
0.20746167,2.19465098919297E-4,0.219465098919298,1.44334526153545,0.00144334526153545
0.20846821,2.30603475554543E-4,0.230603475554543,1.51659847225936,0.00151659847225936
0.20945162,2.40575002281831E-4,0.240575002281831,1.58217771890485,0.00158217771890485
0.21045326,2.42298792879108E-4,0.242298792879108,1.59351448726898,0.00159351448726898
0.21142685,2.41364016368678E-4,0.241364016368678,1.58736678882596,0.00158736678882596
0.212412,2.40336315843911E-4,0.240336315843911,1.58060796161378,0.00158060796161378
0.21342152,2.57494735781924E-4,0.257494735781924,1.6934528933816,0.0016934528933816
0.21442637,2.54232767600924E-4,0.254232767600924,1.67200006857934,0.00167200006857934
0.21543397,2.45428127199275E-4,0.245428127199275,1.61409502551864,0.00161409502551864
0.2164613,2.31611247057926E-4,0.231611247057926,1.52322623326228,0.00152322623326228
0.21745573,2.26015524491333E-4,0.226015524491333,1.48642512141748,0.00148642512141748
0.21846779,2.29807885034461E-4,0.229807885034461,1.51136615143506,0.00151136615143506
0.21946394,2.35403585394225E-4,0.235403585394225,1.5481671172333,0.0015481671172333
0.22044331,2.36543966530512E-4,0.236543966530512,1.5556670054502,0.0015556670054502
0.22144493,2.33255479618796E-4,0.233255479618796,1.53403977622323,0.00153403977622323
0.22246678,2.32168162710877E-4,0.232168162710877,1.52688887289255,0.00152688887289255
0.22344361,2.28216690516092E-4,0.228216690516092,1.50090142114501,0.00150090142114501
0.22441213,2.23018774123476E-4,0.223018774123476,1.46671654148951,0.00146671654148951
0.22541827,2.19173382801171E-4,0.219173382801171,1.44142674656936,0.00144142674656936
0.22640379,2.20260706568196E-4,0.220260706568196,1.44857769501,0.00144857769501
0.22740313,2.21109341636191E-4,0.221109341636191,1.45415887128903,0.00145415887128903
0.22839203,2.2577684582201E-4,0.22577684582201,1.48485541521775,0.00148485541521775
0.22938499,2.38135157499326E-4,0.238135157499326,1.56613171239606,0.00156613171239606
0.23036861,2.31717322359752E-4,0.231717322359752,1.52392385345342,0.00152392385345342
0.23139742,2.33255472203888E-4,0.233255472203888,1.53403972745797,0.00153403972745797
0.23240374,2.39669136206658E-4,0.239669136206658,1.57622015429151,0.00157622015429151
0.2334086,2.37445643064247E-4,0.237445643064247,1.56159701691358,0.00156159701691358
0.23439561,2.31796879423504E-4,0.231796879423504,1.52444707245978,0.00152444707245978
0.23540869,2.27049813740148E-4,0.227049813740148,1.49322728036524,0.00149322728036524
0.23639934,2.27924971922121E-4,0.227924971922121,1.49898288989616,0.00149898288989616
0.23740143,2.31505160501103E-4,0.231505160501103,1.52252853905096,0.00152252853905095
0.23839672,2.32168155270706E-4,0.232168155270706,1.52688882396114,0.00152688882396114
0.23940726,2.39779395100313E-4,0.239779395100313,1.5769452885041,0.0015769452885041
0.24039748,2.52641587268145E-4,0.252641587268145,1.66153543158297,0.00166153543158297
0.24140021,2.56937817337328E-4,0.256937817337328,1.68979023539166,0.00168979023539166
0.24239972,2.59563304376166E-4,0.259563304376166,1.70705714614599,0.00170705714614599
0.24339335,2.66962371976357E-4,0.266962371976357,1.75571822808159,0.00175571822808159
0.24437079,2.67651898916989E-4,0.267651898916989,1.76025300580872,0.00176025300580872
0.24536118,2.6035888282018E-4,0.26035888282018,1.71228938755021,0.00171228938755021
0.24637386,2.49830459450904E-4,0.249830459450904,1.64304762630292,0.00164304762630292
0.24737446,2.4357174989594E-4,0.24357174989594,1.60188628072238,0.00160188628072238
0.24838609,2.42749631752305E-4,0.242749631752305,1.59647949698829,0.00159647949698829
0.24939898,2.49750893898535E-4,0.249750893898535,1.64252435146989,0.00164252435146989
0.25041211,2.54497952811208E-4,0.254497952811208,1.67374409903602,0.00167374409903602
0.25144875,2.62241831731242E-4,0.262241831731242,1.7246728845248,0.0017246728845248
0.25243556,2.54551002146601E-4,0.254551002146601,1.67409298597633,0.00167409298597633
0.25342494,2.38089929962225E-4,0.238089929962225,1.56583426668972,0.00156583426668972
0.25443402,2.48610508303197E-4,0.248610508303197,1.63502443392738,0.00163502443392738
0.25544545,2.5821075456002E-4,0.25821075456002,1.69816189866592,0.00169816189866592
0.25646108,2.71417706118073E-4,0.271417706118073,1.78501940377499,0.00178501940377499
0.25745681,2.84412497421726E-4,0.284412497421726,1.87048160503218,0.00187048160503218
0.25843599,2.82529577412384E-4,0.282529577412384,1.8580982981341,0.0018580982981341
0.2594406,2.84173839089716E-4,0.284173839089716,1.86891203258385,0.00186891203258385
0.26044077,2.79188085591563E-4,0.279188085591563,1.83612247414299,0.00183612247414299
0.26141566,2.79718488476041E-4,0.279718488476041,1.83961074856013,0.00183961074856013
0.26240796,2.73088468399389E-4,0.273088468399389,1.79600742343627,0.00179600742343627
0.26339415,2.78604631476912E-4,0.278604631476912,1.83228530032423,0.00183228530032423
0.26441875,2.89928645088366E-4,0.289928645088366,1.90675938056815,0.00190675938056815
0.26542318,2.88735256390284E-4,0.288735256390284,1.8989108801413,0.0018989108801413
0.26642355,2.87568366300346E-4,0.287568366300346,1.89123665180003,0.00189123665180003
0.26740777,2.87754027997128E-4,0.287754027997128,1.89245768389862,0.00189245768389862
0.26840603,2.80832284463234E-4,0.280832284463234,1.84693579554186,0.00184693579554186
0.26939732,2.84783773774204E-4,0.284783773774204,1.87292335985656,0.00187292335985656
0.27043569,2.86587140004082E-4,0.286587140004082,1.88478346934788,0.00188478346934788
0.27142248,2.86560619820699E-4,0.286560619820699,1.88460905536949,0.00188460905536949
0.27243304,2.97699009075183E-4,0.297699009075183,1.95786234908572,0.00195786234908572
0.27344635,3.08757822621274E-4,0.308757822621274,2.0305923011763,0.0020305923011763
0.27442381,3.24259825461969E-4,0.324259825461969,2.13254355654494,0.00213254355654494
0.27541065,3.2883345117322E-4,0.32883345117322,2.16262269455311,0.00216262269455311
0.27638575,3.10561173667642E-4,0.310561173667642,2.04245231081098,0.00204245231081098
0.27738044,3.02446081226056E-4,0.302446081226056,1.98908218371486,0.00198908218371486
0.278391,2.82078757234357E-4,0.282078757234357,1.85513341136639,0.00185513341136639
0.27938095,2.66325880627644E-4,0.266325880627644,1.75153224690874,0.00175153224690874
0.28038132,2.63223051964209E-4,0.263223051964209,1.73112602710077,0.00173112602710077
0.28138411,2.64602092304105E-4,0.264602092304105,1.7401954934982,0.0017401954934982
0.28240529,2.6096884352632E-4,0.26096884352632,1.71630088595823,0.00171630088595823
0.2833946,2.66299355997844E-4,0.266299355997844,1.75135780368782,0.00175135780368782
0.28438246,2.75289636167347E-4,0.275289636167347,1.81048373462821,0.00181048373462821
0.2853854,2.88814820224716E-4,0.288814820224716,1.89943414367606,0.00189943414367606
0.28636411,3.00934420819329E-4,0.300934420819329,1.97914052148318,0.00197914052148318
0.28735113,3.11701535136107E-4,0.311701535136107,2.04995206967948,0.00204995206967948
0.28834981,3.12231948479773E-4,0.312231948479773,2.05344041288305,0.00205344041288305
0.28933981,3.11913708578181E-4,0.311913708578181,2.05134746026208,0.00205134746026208
0.29034528,3.03215163739877E-4,0.303215163739877,1.99414017064545,0.00199414017064545
0.29136223,3.21646559415158E-4,0.321646559415158,2.11535701898444,0.00211535701898444
0.29235816,3.29019087429413E-4,0.329019087429413,2.16384355933783,0.00216384355933783
0.29337806,3.29363864643206E-4,0.329363864643206,2.16611103858744,0.00216611103858744
0.29438269,3.25651046397171E-4,0.325651046397171,2.14169313046107,0.00214169313046107
0.2954067,3.31434384570253E-4,0.331434384570253,2.17972812458578,0.00217972812458578
0.29641122,3.38592810673314E-4,0.338592810673314,2.2268065914891,0.0022268065914891
0.29738683,3.28488683837551E-4,0.328488683837551,2.16035528026847,0.00216035528026847
0.29840201,3.21726102053314E-4,0.321726102053314,2.1158801431187,0.0021158801431187
0.29941243,3.21301767523135E-4,0.321301767523135,2.11308944320124,0.00211308944320124
0.30039263,3.18013301340317E-4,0.318013301340317,2.09146235030099,0.00209146235030099
0.30138683,3.42332116790406E-4,0.342332116790406,2.25139870108699,0.00225139870108699
0.30234286,3.46469237709042E-4,0.346469237709042,2.27860709961467,0.00227860709961467
0.30334222,3.50314633528292E-4,0.350314633528292,2.30389692410965,0.00230389692410965
0.3043398,3.46389656872109E-4,0.346389656872109,2.2780837242604,0.0022780837242604
0.30533955,3.46363154499665E-4,0.346363154499665,2.27790942741833,0.00227790942741833
0.30633232,3.37001601817772E-4,0.337001601817772,2.21634176690848,0.00221634176690848
0.30731297,3.35012609689835E-4,0.335012609689835,2.20326086075426,0.00220326086075426
0.30833268,3.30955048487643E-4,0.330955048487643,2.17657569867877,0.00217657569867877
0.30933324,3.37240292083152E-4,0.337240292083152,2.21791154937142,0.00221791154937142
0.31033364,3.54106972685662E-4,0.354106972685662,2.32883781348057,0.00232883781348057
0.31132171,3.49863802840546E-4,0.349863802840546,2.30093196822319,0.00230093196822319
0.31234714,3.55141287930867E-4,0.355141287930867,2.3356401433975,0.0023356401433975
0.31333393,3.53974383263752E-4,0.353974383263752,2.32796581918724,0.00232796581918724
0.31434706,3.47689162936148E-4,0.347689162936148,2.28663012151948,0.00228663012151948
0.31532812,3.51136751482449E-4,0.351136751482449,2.30930370659761,0.00230930370659761
0.31631419,3.52816363000131E-4,0.352816363000131,2.32034992459402,0.00232034992459402
0.317303,3.5113675059822E-4,0.35113675059822,2.30930370078234,0.00230930370078234
0.31829253,3.55565572640949E-4,0.355565572640949,2.3384305156656,0.0023384305156656
0.31929272,3.622751611753E-4,0.3622751611753,2.38255713472984,0.00238255713472984
0.32028866,3.64211103058349E-4,0.364211103058349,2.39528914796231,0.00239528914796231
0.32128543,3.72777052007224E-4,0.372777052007224,2.451624400751,0.002451624400751
0.32231042,3.88370781138292E-4,0.388370781138292,2.55417890787685,0.00255417890787685
0.32332078,3.85188380252859E-4,0.385188380252859,2.53324936937203,0.00253324936937203
0.32433599,3.90571945167215E-4,0.390571945167215,2.56865519447847,0.00256865519447847
0.32534617,3.9009460584162E-4,0.39009460584162,2.56551590054456,0.00256551590054456
0.32633594,4.00516941782472E-4,0.400516941782472,2.63405996184832,0.00263405996184832
0.32733101,4.01339068351567E-4,0.401339068351567,2.63946680099372,0.00263946680099372
0.32832885,3.86673523836282E-4,0.386673523836282,2.54301663972339,0.00254301663972339
0.32931903,3.90333258944035E-4,0.390333258944035,2.56708543859967,0.00256708543859967
0.33033529,3.95398597195002E-4,0.395398597195002,2.60039839814817,0.00260039839814817
0.33133611,4.08446398776302E-4,0.408446398776302,2.68620922947652,0.00268620922947652
0.3323516,4.13140457188396E-4,0.413140457188396,2.71708041127185,0.00271708041127185
0.33332884,4.22714155168554E-4,0.422714155168554,2.7800432772723,0.0027800432772723
0.3343496,4.26082203072535E-4,0.426082203072535,2.8021937513421,0.0028021937513421
0.33532155,4.33083458170181E-4,0.433083458170181,2.84823855946762,0.00284823855946762
0.33631894,4.37671410862905E-4,0.437671410862905,2.87841192102625,0.00287841192102625
0.33731753,4.43656393802588E-4,0.443656393802588,2.91777306231432,0.00291777306231432
0.33830574,4.49791050363679E-4,0.449791050363679,2.95811855470559,0.00295811855470559
0.33931965,4.60849888289282E-4,0.460849888289282,3.03084866713169,0.00303084866713169
0.34032154,4.6718814845311E-4,0.46718814845311,3.07253318926705,0.00307253318926705
0.34130961,4.75754084087991E-4,0.475754084087991,3.12886835449426,0.00312886835449426
0.34231299,4.82781897870963E-4,0.482781897870963,3.175087829812,0.003175087829812
0.34332949,4.94052885339139E-4,0.494052885339139,3.24921317564204,0.00324921317564204
0.34433261,5.04952559923471E-4,0.504952559923471,3.32089652639367,0.00332089652639367
0.34531733,5.06543777596058E-4,0.506543777596058,3.33136140896092,0.00333136140896092
0.34588212,5.02592371049104E-4,0.502592371049104,3.30537438895624,0.00330537438895624
0.34596616,5.06411248352379E-4,0.506411248352379,3.33048981043878,0.00333048981043878
0.34649041,5.11105194770304E-4,0.511105194770304,3.36136025568759,0.00336136025568759
0.34748551,4.88669303346493E-4,0.488669303346493,3.21380723821765,0.00321380723821765
0.34836346,3.81793843568327E-4,0.381793843568327,2.5109246878493,0.0025109246878493
0.348968,1.36828861779274E-4,0.136828861779274,0.899875607843355,8.99875607843355E-4
0.34914652,-1.64968431835493E-4,-0.164968431835493,-1.08493972647674,-0.00108493972647674
0.34885427,-4.55972046110118E-4,-0.455972046110118,-2.99876880372524,-0.00299876880372524
0.3481752,-6.85104611774375E-4,-0.685104611774375,-4.50569361565891,-0.00450569361565891
0.34725037,-8.21284640046037E-4,-0.821284640046037,-5.40130207226342,-0.00540130207226342
0.34616622,-8.74209714931733E-4,-0.874209714931733,-5.74937179464223,-0.00574937179464223
0.34504399,-8.7734787348381E-4,-0.87734787348381,-5.77001036678145,-0.00577001036678145
0.34391984,-8.44250997488413E-4,-0.844250997488413,-5.55234377936133,-0.00555234377936133
0.34283862,-8.12320926444144E-4,-0.812320926444144,-5.34235086035427,-0.00534235086035427
0.34178987,-7.83918000656234E-4,-0.783918000656234,-5.15555474310559,-0.00515555474310559
0.34080666,-7.66229186511836E-4,-0.766229186511836,-5.03922159399341,-0.00503922159399341
0.33980438,-7.56814631434583E-4,-0.756814631434583,-4.97730535525144,-0.00497730535525144
0.33881566,-7.55170364653978E-4,-0.755170364653978,-4.96649158723924,-0.00496649158723924
0.3378329,-7.65460098642099E-4,-0.765460098642099,-5.03416357183884,-0.00503416357183884
0.3368459,-7.70233737259532E-4,-0.770233737259532,-5.06555812483465,-0.00506555812483465
0.33586037,-7.76545493863521E-4,-0.776545493863521,-5.10706834231886,-0.00510706834231886
0.33487096,-7.88108206708985E-4,-0.788108206708985,-5.18311226400926,-0.00518311226400926
0.33387017,-7.91237554343144E-4,-0.791237554343144,-5.2036928898204,-0.0052036928898204
0.33289164,-7.88665077632486E-4,-0.788665077632486,-5.18677460946956,-0.00518677460946956
0.33189636,-7.88373392727711E-4,-0.788373392727711,-5.18485629978278,-0.00518485629978278
0.33088264,-7.8585398220336E-4,-0.78585398220336,-5.16828701719484,-0.00516828701719484
0.32986718,-7.84262775646817E-4,-0.784262775646817,-5.15782220773393,-0.00515782220773393
0.3288838,-7.78534487684128E-4,-0.778534487684128,-5.12014925960518,-0.00512014925960518
0.32788998,-7.69809426805701E-4,-0.769809426805701,-5.06276758325892,-0.00506276758325892
0.32691312,-7.59599199783326E-4,-0.759599199783326,-4.99561848818862,-0.00499561848818861
0.32591379,-7.58273226438178E-4,-0.758273226438178,-4.98689802487091,-0.00498689802487091
0.32491189,-7.61175923969677E-4,-0.761175923969677,-5.00598805216177,-0.00500598805216177
0.32390693,-7.46339203892096E-4,-0.746339203892096,-4.90841212903707,-0.00490841212903707
0.32288936,-7.5323443899025E-4,-0.75323443899025,-4.95375968067558,-0.00495375968067558
0.32189894,-7.56973732475468E-4,-0.756973732475469,-4.97835170719805,-0.00497835170719805
0.32090238,-7.55462112718104E-4,-0.755462112718104,-4.96841031230301,-0.00496841031230301
0.31987187,-7.51881913300969E-4,-0.751881913300969,-4.94486459186947,-0.00494486459186947
0.31886661,-7.60050061014931E-4,-0.760050061014931,-4.99858364495136,-0.00499858364495136
0.31788045,-7.5925442529802E-4,-0.75925442529802,-4.99335102688331,-0.00499335102688331
0.31687602,-7.50874124150865E-4,-0.750874124150865,-4.93823671481024,-0.00493823671481024
0.31589559,-7.52757046535001E-4,-0.752757046535001,-4.9506200373265,-0.0049506200373265
0.31490707,-7.4421764232587E-4,-0.74421764232587,-4.89445936001481,-0.00489445936001481
0.31389439,-7.47320464041774E-4,-0.747320464041774,-4.9148655341313,-0.0049148655341313
0.3128849,-7.48328243793771E-4,-0.748328243793771,-4.92149334938246,-0.00492149334938246
0.31187981,-7.6458497632201E-4,-0.76458497632201,-5.02840819815899,-0.00502840819815899
0.31088325,-7.57742835553976E-4,-0.757742835553976,-4.98340982937539,-0.00498340982937539
0.30987585,-7.5824668713014E-4,-0.75824668713014,-4.98672348511635,-0.00498672348511635
0.30885363,-7.57795826959609E-4,-0.757795826959609,-4.98375833533191,-0.00498375833533191
0.3078649,-7.57265414197009E-4,-0.757265414197009,-4.98026999594982,-0.00498026999594982
0.30689171,-7.52147097349129E-4,-0.752147097349129,-4.94660861468326,-0.00494660861468326
0.30591571,-7.53844384032872E-4,-0.753844384032871,-4.95777107607011,-0.00495777107607011
0.30492362,-7.56496403179576E-4,-0.756496403179576,-4.97521247922599,-0.00497521247922599
0.30390817,-7.60329660581925E-4,-0.760329660581925,-5.00042247359489,-0.00500042247359489
0.30291882,-7.62755099104751E-4,-0.762755099104751,-5.01637373516817,-0.00501637373516817
0.30192971,-7.66202652963939E-4,-0.766202652963939,-5.03904709212128,-0.00503904709212128
0.30092314,-7.69040314632242E-4,-0.769040314632242,-5.05770940126726,-0.00505770940126726
0.29991958,-7.67183921096957E-4,-0.767183921096957,-5.04550054971914,-0.00504550054971914
0.29891855,-7.61269974595457E-4,-0.761269974595457,-5.00660659026068,-0.00500660659026068
0.29791123,-7.5159016336733E-4,-0.75159016336733,-4.94294585451057,-0.00494294585451057
0.29692182,-7.48513883081612E-4,-0.748513883081612,-4.92271423410527,-0.00492271423410527
0.29595497,-7.49150360055254E-4,-0.749150360055254,-4.9269001207383,-0.0049269001207383
0.2949703,-7.54295231824168E-4,-0.754295231824168,-4.96073614444064,-0.00496073614444064
0.29395273,-7.48964678678022E-4,-0.748964678678022,-4.92567895920828,-0.00492567895920828
0.29296255,-7.54321703779069E-4,-0.754321703779069,-4.96091024123716,-0.00496091024123716
0.29194453,-7.51908398039328E-4,-0.751908398039328,-4.94503877273832,-0.00494503877273832
0.29094288,-7.42440819319904E-4,-0.742440819319904,-4.88277381603138,-0.00488277381603138
0.28994164,-7.45888405567204E-4,-0.745888405567204,-4.90544738598979,-0.00490544738598979
0.28894928,-7.36394214881229E-4,-0.736394214881229,-4.84300741167863,-0.00484300741167863
0.28795445,-7.31514583852306E-4,-0.731514583852306,-4.81091578363245,-0.00481091578363245
0.28697762,-7.33344427974065E-4,-0.733344427974065,-4.82295002896573,-0.00482295002896573
0.2859745,-7.36235123137399E-4,-0.736235123137399,-4.84196112087551,-0.00484196112087551
0.28498387,-7.40955689555751E-4,-0.740955689555751,-4.87300663656453,-0.00487300663656453
0.28397053,-7.45039761669531E-4,-0.745039761669531,-4.89986615164105,-0.00489986615164105
0.28297666,-7.52173116306893E-4,-0.752173116306893,-4.94677973227591,-0.00494677973227591
0.28200054,-7.64425845015163E-4,-0.764425845015163,-5.02736164716373,-0.00502736164716373
0.28100252,-7.6705131636522E-4,-0.76705131636522,-5.04462845473843,-0.00504462845473843
0.27999151,-7.65566183114667E-4,-0.765566183114667,-5.03486125234274,-0.00503486125234274
0.27897924,-7.6487670584255E-4,-0.764876705842551,-5.03032680126808,-0.00503032680126808
0.27796021,-7.60819109372178E-4,-0.760819109372178,-5.0036414072461,-0.0050036414072461
0.27695939,-7.53075284491284E-4,-0.753075284491284,-4.95271297715385,-0.00495271297715385
0.27597556,-7.50768041143601E-4,-0.750768041143601,-4.93753904394312,-0.00493753904394312
0.274955,-7.51431059597964E-4,-0.751431059597964,-4.94189948461969,-0.00494189948461969
0.27397797,-7.47903934401013E-4,-0.747903934401013,-4.91870281478504,-0.00491870281478504
0.27296636,-7.37163312957515E-4,-0.737163312957515,-4.84806550095811,-0.00484806550095811
0.27197891,-7.29313424724549E-4,-0.729313424724549,-4.79643952926408,-0.00479643952926408
0.27099425,-7.36818537562713E-4,-0.736818537562713,-4.84579803367137,-0.00484579803367137
0.26999894,-7.52438816208371E-4,-0.752438816208371,-4.94852714767671,-0.00494852714767671
0.26899153,-7.64823627731752E-4,-0.764823627731752,-5.02997772508198,-0.00502997772508198
0.26799521,-7.83122431130323E-4,-0.783122431130323,-5.15032256035261,-0.00515032256035261
0.26698464,-7.65831421732499E-4,-0.765831421732499,-5.0366056340422,-0.0050366056340422
0.26597407,-7.5877709089885E-4,-0.75877709089885,-4.99021176534878,-0.00499021176534878
0.26496604,-7.51059812753536E-4,-0.751059812753536,-4.93945792385945,-0.00493945792385945
0.2639544,-7.54507392028044E-4,-0.754507392028044,-4.96213144796023,-0.00496213144796023
0.26295826,-7.52650963931952E-4,-0.752650963931952,-4.94992236911777,-0.00494992236911777
0.2619983,-7.50975871710758E-4,-0.750975871710758,-4.93890587295505,-0.00493890587295505
0.26097599,-7.47399998545008E-4,-0.747399998545008,-4.91538860476502,-0.00491538860476502
0.25997645,-7.50688502042369E-4,-0.750688502042369,-4.93701594306997,-0.00493701594306997
0.25896183,-7.50555888215683E-4,-0.750555888215683,-4.93614378827496,-0.00493614378827496
0.25797799,-7.63391560920152E-4,-0.763391560920152,-5.02055952211074,-0.00502055952211074
0.25699607,-7.70976300474203E-4,-0.770976300474203,-5.07044170360214,-0.00507044170360214
0.25600845,-7.84024069111587E-4,-0.784024069111587,-5.15625231826987,-0.00515625231826987
0.25499701,-7.97045393584188E-4,-0.797045393584187,-5.24188901890697,-0.00524188901890697
0.25398177,-7.96329361138408E-4,-0.796329361138407,-5.23717992373507,-0.00523717992373507
0.2529653,-7.89699357887407E-4,-0.789699357887407,-5.19357670926763,-0.00519357670926762
0.25196868,-7.7376086250701E-4,-0.77376086250701,-5.08875479500162,-0.00508875479500161
0.25098723,-7.75962023908505E-4,-0.775962023908505,-5.10323106432356,-0.00510323106432356
0.24998493,-7.72753141720589E-4,-0.772753141720589,-5.08212736754644,-0.00508212736754644
0.24895591,-7.79568756873536E-4,-0.779568756873536,-5.12695128662922,-0.00512695128662922
0.24793959,-7.70445897210767E-4,-0.770445897210767,-5.06695342669272,-0.00506695342669272
0.24693601,-7.78269262910826E-4,-0.778269262910826,-5.11840496895636,-0.00511840496895636
0.24593924,-7.79223982186115E-4,-0.779223982186115,-5.12468382399468,-0.00512468382399468
0.24494079,-7.95215560073203E-4,-0.795215560073203,-5.22985484335704,-0.00522985484335704
0.24393784,-7.94340376059051E-4,-0.794340376059051,-5.2240990639369,-0.0052240990639369
0.24293831,-7.94923840910794E-4,-0.794923840910794,-5.22793630836976,-0.00522793630836976
0.24195831,-7.89778956914233E-4,-0.789778956914233,-5.19410020425047,-0.00519410020425046
0.240963,-7.88781151279113E-4,-0.788781151279113,-5.18753798528045,-0.00518753798528045
0.23997813,-7.81345579879495E-4,-0.781345579879495,-5.1386368306126,-0.0051386368306126
0.23900576,-7.81610758773843E-4,-0.781610758773843,-5.14038081953157,-0.00514038081953157
0.2380372,-7.8741866759123E-4,-0.78741866759123,-5.17857740619745,-0.00517857740619745
0.23703024,-7.92324842121967E-4,-0.792324842121967,-5.2108436015792,-0.0052108436015792
0.2360214,-7.8654346862095E-4,-0.78654346862095,-5.17282152841609,-0.00517282152841609
0.2350242,-7.81875985820889E-4,-0.781875985820889,-5.14212512513401,-0.00514212512513401
0.23402359,-7.88240761923789E-4,-0.788240761923789,-5.18398403333441,-0.00518398403333442
0.23302576,-7.91529265168518E-4,-0.791529265168518,-5.2056113699779,-0.0052056113699779
0.23201731,-7.92828749581531E-4,-0.792828749581531,-5.21415762484575,-0.00521415762484575
0.23100737,-7.80735634584237E-4,-0.780735634584237,-5.13462543355657,-0.00513462543355657
0.22998512,-7.864904626634E-4,-0.7864904626634,-5.17247292675669,-0.00517247292675669
0.22897264,-7.88532464462652E-4,-0.788532464462652,-5.18590245899444,-0.00518590245899444
0.22797842,-7.92139224864107E-4,-0.792139224864107,-5.20962286173988,-0.00520962286173988
0.22699821,-7.90998865947285E-4,-0.790998865947285,-5.20212311965264,-0.00520212311965264
0.22598341,-7.94075196204678E-4,-0.794075196204678,-5.22235506870418,-0.00522235506870418
0.22497985,-7.93650880647569E-4,-0.793650880647569,-5.21956449356597,-0.00521956449356597
0.22399047,-7.90044135960164E-4,-0.790044135960164,-5.19584419416634,-0.00519584419416634
0.22301492,-7.94181295178631E-4,-0.794181295178631,-5.22305284457863,-0.00522305284457863
0.22203553,-7.8948719889619E-4,-0.78948719889619,-5.19218141372326,-0.00519218141372326
0.22105065,-7.89805434932425E-4,-0.789805434932425,-5.19427434092313,-0.00519427434092313
0.220056,-7.94825572681195E-4,-0.794825572681195,-5.22729003256441,-0.00522729003256441
0.21906583,-8.02800271331861E-4,-0.802800271331861,-5.27973683875952,-0.00527973683875952
0.21807371,-8.12453529306366E-4,-0.812453529306366,-5.34322294303984,-0.00534322294303984
0.21706694,-8.20648214711479E-4,-0.820648214711479,-5.3971165252426,-0.0053971165252426
0.21607527,-8.2642952176886E-4,-0.82642952176886,-5.43513816142914,-0.00543513816142914
0.21504667,-8.23910118520464E-4,-0.823910118520464,-5.41856892669261,-0.00541856892669261
0.21403845,-8.20860318728794E-4,-0.820860318728794,-5.39851145924282,-0.00539851145924282
0.2130232,-8.24175360220477E-4,-0.824175360220477,-5.42031332866249,-0.00542031332866249
0.21201563,-8.25077001991301E-4,-0.825077001991301,-5.42624311150236,-0.00542624311150236
0.21102561,-8.2939976245042E-4,-0.82939976245042,-5.45467239641439,-0.00545467239641439
0.21002713,-8.24864848507586E-4,-0.824864848507586,-5.42484785217891,-0.00542484785217891
0.20902804,-8.21602888107816E-4,-0.821602888107816,-5.40339507855109,-0.00540339507855109
0.20804612,-8.1547680196713E-4,-0.81547680196713,-5.36310595081981,-0.00536310595081981
0.20704041,-8.00386957760363E-4,-0.800386957760364,-5.26386531875396,-0.00526386531875396
0.20604576,-8.00784744620208E-4,-0.800784744620208,-5.26648142392096,-0.00526648142392096
0.20505239,-8.12904349459133E-4,-0.812904349459133,-5.34618782964143,-0.00534618782964143
0.20406304,-8.10491028965366E-4,-0.810491028965366,-5.33031626411052,-0.00533031626411052
0.20305417,-8.17571890618435E-4,-0.817571890618435,-5.37688461673183,-0.00537688461673183
0.20202282,-8.16935394949623E-4,-0.816935394949623,-5.3726986071472,-0.0053726986071472
0.20102158,-8.14628166962292E-4,-0.814628166962292,-5.35752477495614,-0.00535752477495614
0.200049,-8.05664386007263E-4,-0.805664386007263,-5.29857312008896,-0.00529857312008895
0.19906437,-7.9434013473087E-4,-0.79434013473087,-5.22409747680579,-0.00522409747680579
0.19808261,-7.91953582342505E-4,-0.791953582342505,-5.20840195574975,-0.00520840195574975
0.19708243,-7.99273083885052E-4,-0.799273083885052,-5.25653975952931,-0.00525653975952931
0.19609161,-8.17784043445297E-4,-0.817784043445298,-5.37827987173539,-0.00537827987173539
0.19509377,-8.25289169167969E-4,-0.825289169167969,-5.42763846087957,-0.00542763846087957
0.19407323,-8.41943759244002E-4,-0.841943759244002,-5.53716987971304,-0.00553716987971304
0.19305736,-8.4451614227671E-4,-0.84451614227671,-5.55408754397673,-0.00555408754397673
0.1920642,-8.56980531403276E-4,-0.856980531403276,-5.63606147546903,-0.00563606147546903
0.19106975,-8.65944318825818E-4,-0.865944318825818,-5.69501317287079,-0.00569501317287079
0.19007616,-8.64379620654491E-4,-0.864379620654491,-5.68472269979585,-0.00568472269979585
0.1890588,-8.64618322339084E-4,-0.864618322339084,-5.68629255735896,-0.00568629255735896
0.18804823,-8.66952041128067E-4,-0.866952041128067,-5.70164061029504,-0.00570164061029504
0.18704998,-8.67827229234938E-4,-0.867827229234938,-5.70739641663156,-0.00570739641663156
0.18604618,-8.71248334634502E-4,-0.871248334634502,-5.72989583130838,-0.00572989583130838
0.18504794,-8.65307836445735E-4,-0.865307836445735,-5.69082725068149,-0.00569082725068149
0.1840588,-8.67721154968928E-4,-0.867721154968928,-5.70669880325262,-0.00570669880325262
0.18303251,-8.64697883369242E-4,-0.864697883369242,-5.68681580245099,-0.00568681580245099
0.18202195,-8.48520683070494E-4,-0.848520683070494,-5.58042400935457,-0.00558042400935457
0.18102963,-8.58889990569073E-4,-0.858889990569073,-5.64861932112477,-0.00564861932112476
0.1800265,-8.68118938443439E-4,-0.868118938443439,-5.70931488615546,-0.00570931488615546
0.1790331,-8.74642845196325E-4,-0.874642845196325,-5.75222034103118,-0.00575222034103118
0.17804837,-8.71819911086834E-4,-0.871819911086834,-5.73365488989282,-0.00573365488989282
0.17706589,-8.82360186905212E-4,-0.882360186905212,-5.80297460055592,-0.00580297460055592
0.17606421,-8.81140245079829E-4,-0.881140245079829,-5.79495146949003,-0.00579495146949004
0.1750354,-8.78276114134578E-4,-0.878276114134578,-5.77611508115949,-0.00577611508115949
0.17403693,-8.83367944071425E-4,-0.883367944071425,-5.80960226726827,-0.00580960226726827
0.1730482,-8.92729482024554E-4,-0.892729482024554,-5.87116983091219,-0.00587116983091219
0.17203808,-8.94532875008736E-4,-0.894532875008736,-5.88303011635722,-0.00588303011635722
0.17106019,-9.07103329963219E-4,-0.907103329963219,-5.96570160573409,-0.00596570160573409
0.17005344,-9.11876892637843E-4,-0.911876892637843,-5.99709565928059,-0.00599709565928059
0.16907746,-8.99332980932541E-4,-0.899332980932541,-5.91459873557781,-0.00591459873557781
0.16808282,-8.98006996016595E-4,-0.898006996016595,-5.90587819616302,-0.00590587819616302
0.16708264,-9.08959704954922E-4,-0.908959704954922,-5.97791033532754,-0.00597791033532754
0.16608651,-9.02701020903701E-4,-0.902701020903701,-5.93674915747621,-0.00593674915747621
0.16507848,-9.1354764663265E-4,-0.91354764663265,-6.00808362444439,-0.00600808362444439
0.16408406,-9.10073535730287E-4,-0.910073535730287,-5.98523561109892,-0.00598523561109892
0.16309597,-9.07368506735409E-4,-0.907368506735409,-5.96744558069637,-0.00596744558069637
0.16207372,-9.03337489237147E-4,-0.903337489237147,-5.94093498728569,-0.00594093498728569
0.16107313,-9.05750819432186E-4,-0.905750819432186,-5.95680661661847,-0.00595680661661847
0.16007912,-9.06175132867143E-4,-0.906175132867143,-5.95959717780003,-0.00595959717780003
0.15908638,-9.16703523519875E-4,-0.916703523519875,-6.02883872388205,-0.00602883872388205
0.15808195,-9.16120117431598E-4,-0.916120117431598,-6.02500186591597,-0.00602500186591597
0.15709399,-9.26046194328293E-4,-0.926046194328293,-6.0902822049085,-0.0060902822049085
0.15609774,-9.2354569965715E-4,-0.92354569965715,-6.07383732527679,-0.00607383732527679
0.15509439,-9.31687356923146E-4,-0.931687356923146,-6.12738215993974,-0.00612738215993974
0.15408044,-9.24367793029684E-4,-0.924367793029684,-6.07924394610001,-0.00607924394610001
0.15307514,-9.15961016895988E-4,-0.915961016895988,-6.02395551729238,-0.00602395551729238
0.15203848,-8.97900852578459E-4,-0.897900852578459,-5.90518012786318,-0.00590518012786318
0.15102431,-8.89891858302388E-4,-0.889891858302388,-5.85250777132469,-0.00585250777132469
0.1500407,-8.87133752005161E-4,-0.887133752005161,-5.83436867005294,-0.00583436867005294
0.149028,-8.82598835384364E-4,-0.882598835384364,-5.80454410820544,-0.00580454410820544
0.14806306,-9.01958457941669E-4,-0.901958457941669,-5.93186558037025,-0.00593186558037024
0.14708899,-9.17207408292597E-4,-0.917207408292597,-6.03215259794517,-0.00603215259794517
0.14609498,-9.18215187337206E-4,-0.918215187337206,-6.03878040854409,-0.00603878040854409
0.14512831,-9.24712553215717E-4,-0.924712553215717,-6.081511313364,-0.006081511313364
0.14413686,-9.32748161428913E-4,-0.932748161428912,-6.13435870046647,-0.00613435870046647
0.14313139,-9.49164007225689E-4,-0.949164007225689,-6.24231998160661,-0.00624231998160661
0.1421293,-9.63909163955475E-4,-0.963909163955475,-6.3392937245905,-0.0063392937245905
0.14108923,-9.59665933098425E-4,-0.959665933098425,-6.31138747807895,-0.00631138747807895
0.1400757,-9.63962183959664E-4,-0.963962183959664,-6.33964241862973,-0.00633964241862973
0.13907215,-9.67197599190211E-4,-0.967197599190211,-6.36092061395602,-0.00636092061395602
0.13808151,-9.78415588886289E-4,-0.978415588886289,-6.43469741195953,-0.00643469741195953
0.13706522,-9.7552489033761E-4,-0.97552489033761,-6.41568629778553,-0.00641568629778553
0.13608478,-9.79639279663273E-4,-0.979639279663273,-6.44274519856998,-0.00644274519856998
0.1350863,-9.79264243142096E-4,-0.979264243142095,-6.44027871443009,-0.00644027871443009
0.1341027,-9.84753860696706E-4,-0.984753860696706,-6.47638201069044,-0.00647638201069043
0.13309638,-9.87273290775191E-4,-0.987273290775191,-6.49295142187908,-0.00649295142187908
0.13208982,-9.93531987761443E-4,-0.993531987761443,-6.53411268479959,-0.00653411268479959
0.13107397,-9.90137431371194E-4,-0.990137431371194,-6.51178787367925,-0.00651178787367925
0.13008696,-9.8936831151756E-4,-0.98936831151756,-6.50672964117776,-0.00650672964117776
0.12908104,-9.8056369097321E-4,-0.98056369097321,-6.44882472871158,-0.00644882472871158
0.12807982,-9.76400072936992E-4,-0.976400072936992,-6.42144206790122,-0.00642144206790122
0.12710297,-9.69425295200684E-4,-0.969425295200684,-6.37557139212846,-0.00637557139212846
0.12609138,-9.71149126497848E-4,-0.971149126497848,-6.38690842816152,-0.00638690842816152
0.12508757,-9.75127129196252E-4,-0.975127129196252,-6.41307036176003,-0.00641307036176003
0.12409569,-9.87697620985271E-4,-0.987697620985271,-6.49574209338476,-0.00649574209338476
0.12309828,-9.94141889754649E-4,-0.994141889754649,-6.53812379707316,-0.00653812379707316
0.12211127,-0.00100321173977136,-1.00321173977136,-6.59777303109223,-0.00659777303109223
0.12111047,-0.00101228158705958,-1.01228158705958,-6.65742224716699,-0.00665742224716699
0.1201158,-0.00101559660096326,-1.01559660096326,-6.67922393515001,-0.00667922393515001
0.11910778,-0.00101180420572038,-1.01180420572038,-6.6542826769243,-0.0066542826769243
0.1181178,-0.00100700413663111,-1.00700413663111,-6.62271429995154,-0.00662271429995154
0.11710723,-0.00100753448380904,-1.00753448380904,-6.62620220800621,-0.00662620220800621
0.11609368,-0.00100318525872151,-1.00318525872151,-6.59759887448143,-0.00659759887448143
0.11507017,-0.00100326480982663,-1.00326480982663,-6.59812205429994,-0.00659812205429994
0.11407127,-0.00100395436462956,-1.00395436462956,-6.60265701526767,-0.00660265701526767
0.11305413,-0.00100400741181754,-1.00400741181754,-6.60300588808517,-0.00660300588808517
0.11205376,-0.00100326480211758,-1.00326480211758,-6.59812200360018,-0.00659812200360018
0.11107013,-0.00100806496771434,-1.00806496771434,-6.629691015269,-0.006629691015269
0.1100655,-0.00101413798044329,-1.01413798044329,-6.66963109771824,-0.00666963109771824
0.10907806,-0.00102005197631013,-1.02005197631013,-6.70852538183532,-0.00670852538183532
0.10807302,-0.00102700012677007,-1.02700012677007,-6.75422093931649,-0.00675422093931649
0.10708006,-0.00102890954036007,-1.02890954036007,-6.76677848523614,-0.00676677848523614
0.10608222,-0.00104026015752525,-1.04026015752525,-6.84142752775607,-0.00684142752775607
0.10508928,-0.00103625564244996,-1.03625564244996,-6.81509123151981,-0.00681509123151981
0.10411415,-0.00103341801524139,-1.03341801524139,-6.79642914900345,-0.00679642914900345
0.10313074,-0.00103535397728491,-1.03535397728491,-6.80916129482428,-0.00680916129482428
0.10213099,-0.00103291414901226,-1.03291414901226,-6.79311539689502,-0.00679311539689502
0.1011567,-0.00103535396202561,-1.03535396202561,-6.80916119446917,-0.00680916119446917
0.10013787,-0.00103389539284156,-1.03389539284156,-6.79956869465584,-0.00679956869465584
0.099138133,-0.00103835068107906,-1.03835068107906,-6.82886956845323,-0.00682886956845323
0.098131374,-0.00104015410640082,-1.04015410640082,-6.84073006657126,-0.00684073006657126
0.097130351,-0.00103628213219054,-1.03628213219054,-6.81526544528648,-0.00681526544528648
0.096137613,-0.00102914832708241,-1.02914832708241,-6.76834890206285,-0.00676834890206285
0.095128208,-0.00102897930330721,-1.02897930330721,-6.76723729176021,-0.00676723729176021
0.094142579,-0.00103270200027813,-1.03270200027813,-6.79172016880791,-0.00679172016880791
0.093151957,-0.00103238373392539,-1.03238373392539,-6.78962704222705,-0.00678962704222705
0.09214966,-0.00104041931333793,-1.04041931333793,-6.84247423991765,-0.00684247423991765
0.091156498,-0.00105378535327974,-1.05378535327974,-6.93037801373179,-0.00693037801373179
0.090143174,-0.00105227379198267,-1.05227379198267,-6.92043700330968,-0.00692043700330968
0.089113079,-0.00105768382491078,-1.05768382491078,-6.95601689929313,-0.00695601689929313
0.088132001,-0.00105710036617287,-1.05710036617287,-6.95217969506876,-0.00695217969506876
0.087122083,-0.00105389138773009,-1.05389138773009,-6.93107536525708,-0.00693107536525708
0.086128063,-0.00105670254217532,-1.05670254217532,-6.9495633456601,-0.0069495633456601
0.085106671,-0.00105296316158072,-1.05296316158072,-6.92497074624964,-0.00692497074624964
0.084099703,-0.00106505639814714,-1.06505639814714,-7.00450373705646,-0.00700450373705646
0.083122022,-0.00106065407392937,-1.06065407392937,-6.97555118910811,-0.00697555118910811
0.082125261,-0.00105092126695025,-1.05092126695025,-6.91154191882355,-0.00691154191882355
0.081164554,-0.00103965022339657,-1.03965022339658,-6.83741620413877,-0.00683741620413877
0.080173515,-0.00103572521048691,-1.03572521048691,-6.81160276586306,-0.00681160276586306
0.07918565,-0.00103784678958618,-1.03784678958618,-6.82555565019402,-0.00682555565019402
0.078198217,-0.00104834872228012,-1.04834872228012,-6.89462319152701,-0.00689462319152701
0.07717894,-0.00106086621791393,-1.06086621791393,-6.9769463859589,-0.0069769463859589
0.076177709,-0.00108051752108117,-1.08051752108117,-7.10618613956485,-0.00710618613956485
0.07517074,-0.00109086025319509,-1.09086025319509,-7.17420667431712,-0.00717420667431712
0.074161544,-0.00109769036226792,-1.09769036226792,-7.219125914846,-0.007219125914846
0.073163196,-0.00109918758011595,-1.09918758011595,-7.22897259341618,-0.00722897259341618
0.072147742,-0.00109924053645551,-1.09924053645551,-7.2293208687554,-0.00722932086875539
0.071148418,-0.00110043394680461,-1.10043394680461,-7.23716951157346,-0.00723716951157346
0.070142724,-0.00108725351967425,-1.08725351967425,-7.15048644835613,-0.00715048644835613
0.069135986,-0.00107985443850743,-1.07985443850743,-7.10182527719754,-0.00710182527719754
0.068156183,-0.00107128858972929,-1.07128858972929,-7.0454906831968,-0.00704549068319679
0.06716641,-0.00107778590194761,-1.07778590194761,-7.08822123511237,-0.00708822123511237
0.066200621,-0.00109030329248425,-1.09030329248425,-7.17054373835687,-0.00717054373835687
0.065187298,-0.00110006273361149,-1.10006273361149,-7.2347281721261,-0.0072347281721261
0.064185634,-0.00111122758102687,-1.11122758102687,-7.30815547192052,-0.00730815547192052
0.063181013,-0.00110862867162117,-1.10862867162117,-7.29106335297149,-0.00729106335297149
0.062185727,-0.0011182024192951,-1.1182024192951,-7.35402654579058,-0.00735402654579058
0.06120168,-0.00111791061034536,-1.11791061034536,-7.35210742030338,-0.00735210742030338
0.060197271,-0.00110862869152899,-1.10862869152899,-7.2910634838983,-0.0072910634838983
0.059198588,-0.00110441192797831,-1.10441192797831,-7.26333130361151,-0.00726333130361151
0.0581895,-0.00110478322221752,-1.10478322221752,-7.26577317607065,-0.00726577317607065
0.057177871,-0.00110942424160183,-1.10942424160183,-7.2962955387152,-0.0072962955387152
0.056174733,-0.00111894491621771,-1.11894491621771,-7.35890968857834,-0.00735890968857833
0.055171162,-0.00111464863372627,-1.11464863372627,-7.33065454000675,-0.00733065454000675
0.054167598,-0.00112241902712008,-1.12241902712008,-7.38175770192382,-0.00738175770192382
0.053178728,-0.00111755471362064,-1.11755471362064,-7.34976681191618,-0.00734976681191618
0.05217002,-0.00111517905235005,-1.11517905235005,-7.33414291793581,-0.00733414291793581
0.051171757,-0.0011115989429729,-1.1115989429729,-7.31059778966378,-0.00731059778966378
0.050175831,-0.00112231301015223,-1.12231301015223,-7.38106046537489,-0.00738106046537489
0.049167808,-0.00113064024602257,-1.13064024602257,-7.43582578566645,-0.00743582578566645
0.048150662,-0.00113374311624486,-1.13374311624486,-7.4562322787925,-0.0074562322787925
0.047170229,-0.00113400821242572,-1.13400821242572,-7.45797572373379,-0.00745797572373379
0.046170056,-0.00112759044602879,-1.12759044602879,-7.41576831688745,-0.00741576831688745
0.045165643,-0.00112286985636779,-1.12286985636779,-7.38472264833967,-0.00738472264833967
0.044168659,-0.00112825341946316,-1.12825341946316,-7.42012846148327,-0.00742012846148327
0.043198407,-0.00113676631725765,-1.13676631725765,-7.4761148153688,-0.0074761148153688
0.04218699,-0.00114472231355951,-1.14472231355951,-7.52843862275154,-0.00752843862275154
0.041174512,-0.00114909814096286,-1.14909814096286,-7.55721691041099,-0.00755721691041099
0.04017986,-0.0011570805998215,-1.1570805998215,-7.60971475278213,-0.00760971475278212
0.039174806,-0.00116196028890651,-1.16196028890651,-7.64180676264289,-0.00764180676264289
0.038154475,-0.0011634189199362,-1.1634189199362,-7.65139966919337,-0.00765139966919337
0.03715919,-0.00116851068034723,-1.16851068034723,-7.68488639805516,-0.00768488639805516
0.036178328,-0.00117577724975287,-1.17577724975287,-7.73267608566793,-0.00773267608566793
0.03518049,-0.00117755405345735,-1.17755405345735,-7.7443615027122,-0.0077443615027122
0.034193479,-0.00118702168331058,-1.18702168331058,-7.8066267957083,-0.0078066267957083
0.033192884,-0.00118426356746366,-1.18426356746366,-7.78848763163157,-0.00778848763163157
0.032202762,-0.00119297412575077,-1.19297412575077,-7.84577392950277,-0.00784577392950277
0.031217374,-0.00120532046195068,-1.20532046195068,-7.92697146815112,-0.00792697146815112
0.030201077,-0.00119147703400004,-1.19147703400004,-7.83592808023045,-0.00783592808023045
0.029179258,-0.00118946154735669,-1.18946154735669,-7.82267292890707,-0.00782267292890707
0.028190125,-0.00119770924842062,-1.19770924842062,-7.87691517657112,-0.00787691517657112
0.027186558,-0.00121348860243921,-1.21348860243921,-7.98069047371387,-0.00798069047371387
0.026193602,-0.00121582237130092,-1.21582237130092,-7.9960388559608,-0.0079960388559608
0.025203831,-0.00122003913667059,-1.22003913667059,-8.02377104821048,-0.00802377104821048
0.024204087,-0.00121767873588396,-1.21767873588396,-8.00824751710012,-0.00800824751710012
0.023232777,-0.0012301431630072,-1.2301431630072,-8.09022169848325,-0.00809022169848325
0.022229845,-0.00123099183424023,-1.23099183424023,-8.09580311260711,-0.00809580311260711
0.021206759,-0.0012322381713198,-1.2322381713198,-8.10399983603569,-0.00810399983603569
0.020202344,-0.00121677713822363,-1.21677713822363,-8.00231802435954,-0.00800231802435954
0.019185198,-0.00120476352569514,-1.20476352569514,-7.92330869302485,-0.00792330869302485
0.018185025,-0.00120372930137415,-1.20372930137415,-7.91650696108467,-0.00791650696108467
0.017211171,-0.00120372931319758,-1.20372931319758,-7.91650703884326,-0.00791650703884326
0.016224369,-0.00121659146488027,-1.21659146488027,-8.00109691566547,-0.00800109691566547
0.01521847,-0.00123374989097,-1.23374989097,-8.11394188789099,-0.00811394188789099
0.014231244,-0.00125947423566685,-1.25947423566685,-8.28312191335812,-0.00828312191335812
0.013255266,-0.00127398073820789,-1.27398073820789,-8.37852611114245,-0.00837852611114245
0.012247881,-0.0012823079339594,-1.2823079339594,-8.43329116758651,-0.00843329116758651
0.011271853,-0.00128549211838276,-1.28549211838276,-8.454232435797,-0.00845423243579701
0.010256031,-0.00128588813014276,-1.28588813014276,-8.4568368667527,-0.0084568368667527
0.0092543736,-0.00128074329162094,-1.28074329162094,-8.42300106170485,-0.00842300106170485
0.0082213096,-0.0012882749297205,-1.2882749297205,-8.47253401348685,-0.00847253401348685
0.0072088321,-0.00128843403783523,-1.28843403783523,-8.47358041195567,-0.00847358041195567
0.0062076007,-0.00128899097085701,-1.28899097085701,-8.47724316581462,-0.00847724316581462
0.0052084909,-0.00127673869428691,-1.27673869428691,-8.39666422448154,-0.00839666422448154
0.0042161727,-0.0012606411971016,-1.2606411971016,-8.29079661090927,-0.00829079661090927
0.0032170636,-0.00125361338561763,-1.25361338561763,-8.24457715071124,-0.00824457715071124
0.0022224109,-0.0012521547497373,-1.2521547497373,-8.23498421225978,-0.00823498421225978
0.0012281827,-0.00125788310773107,-1.25788310773108,-8.2726576209585,-0.0082726576209585
2.1867496E-4,-0.00128220181775557,-1.28220181775557,-8.43259327839722,-0.00843259327839722
-7.8043446E-4,-0.00129779559716149,-1.29779559716149,-8.5351481161632,-0.0085351481161632
-0.0017967336,-0.00131336275535432,-1.31336275535432,-8.63752787551368,-0.00863752787551368
-0.0027629498,-0.0013243951332495,-1.3243951332495,-8.71008396956645,-0.00871008396956644
-0.0038057757,-0.00133412798186328,-1.33412798186328,-8.77409351366755,-0.00877409351366755
-0.004788545,-0.00133964414473869,-1.33964414473869,-8.8103713892263,-0.0088103713892263
-0.0058069653,-0.00134062544202606,-1.34062544202606,-8.81682503856221,-0.00881682503856221
-0.0067939791,-0.00135128641037833,-1.35128641037833,-8.88693850184355,-0.00888693850184355
-0.0077814171,-0.00135202893013937,-1.35202893013937,-8.89182179483169,-0.00889182179483169
-0.0088002635,-0.00134943005185859,-1.34943005185859,-8.87472988058045,-0.00887472988058045
-0.0097995168,-0.0013458432768882,-1.3458432768882,-8.85114091503104,-0.00885114091503104
-0.010785962,-0.00134752060754787,-1.34752060754787,-8.86217213262138,-0.00886217213262138
-0.011790801,-0.00134704318346242,-1.34704318346242,-8.85903228125154,-0.00885903228125154
-0.012801792,-0.00134306520198556,-1.34306520198556,-8.83287048721969,-0.00883287048721969
-0.013820427,-0.00134988085846999,-1.34988085846999,-8.87769467812522,-0.00887769467812522
-0.014832905,-0.00134534589940611,-1.34534589940611,-8.84786983714439,-0.00884786983714439
-0.015823953,-0.00134677798743925,-1.34677798743925,-8.85728817968229,-0.00885728817968229
-0.016806087,-0.00135194937734519,-1.35194937734519,-8.89129860390482,-0.00889129860390482
-0.01781071,-0.00135998489996484,-1.35998489996484,-8.94414542808846,-0.00894414542808846
-0.018783718,-0.00136276958973111,-1.36276958973111,-8.9624593595463,-0.0089624593595463
-0.019788135,-0.00135338143849771,-1.35338143849771,-8.90071676965828,-0.00890071676965828
-0.02079276,-0.00135804896672198,-1.35804896672198,-8.93141347167948,-0.00893141347167948
-0.021801207,-0.00136467893035943,-1.36467893035943,-8.97501642562245,-0.00897501642562245
-0.02279098,-0.00137276753543523,-1.37276753543523,-9.02821235457007,-0.00902821235457007
-0.023789026,-0.00137178637740161,-1.37178637740161,-9.02175962105743,-0.00902175962105743
-0.024795352,-0.00138703536665869,-1.38703536665869,-9.12204689450452,-0.00912204689450452
-0.025779817,-0.00139740467804788,-1.39740467804788,-9.19024223186192,-0.00919024223186192
-0.02678784,-0.00140761477228403,-1.40761477228403,-9.25739045364361,-0.00925739045364361
-0.027790347,-0.00141681723349999,-1.41681723349999,-9.31791182517802,-0.00931791182517802
-0.028771842,-0.00141976103259367,-1.41976103259367,-9.33727216308002,-0.00933727216308002
-0.02978708,-0.00141732110377132,-1.41732110377132,-9.32122560387055,-0.00932122560387055
-0.030778505,-0.00142006847959289,-1.42006847959289,-9.33929413455375,-0.00933929413455375
-0.031780846,-0.00141466917618042,-1.41466917618042,-9.30378480284516,-0.00930378480284516
-0.032759584,-0.0014263645207393,-1.4263645207393,-9.38070099696533,-0.00938070099696533
-0.03375084,-0.00143426740174214,-1.43426740174214,-9.43267548358806,-0.00943267548358806
-0.034721725,-0.00144768649028669,-1.44768649028669,-9.52092813952415,-0.00952092813952415
-0.035721473,-0.00145110756824983,-1.45110756824983,-9.54342737376117,-0.00954342737376116
-0.036716975,-0.00146402278621988,-1.46402278621988,-9.6283662490109,-0.0096283662490109
-0.037724357,-0.001461503471243,-1.461503471243,-9.61179759480525,-0.00961179759480525
-0.038742993,-0.00145999182394816,-1.45999182394816,-9.60185601880584,-0.00960185601880584
-0.039769053,-0.00146423494758588,-1.46423494758588,-9.62976156017337,-0.00962976156017337
-0.040788107,-0.00147927178133816,-1.47927178133816,-9.72865356100499,-0.00972865356100499
-0.041792311,-0.00149109972153383,-1.49109972153383,-9.80644179029163,-0.00980644179029163
-0.042814128,-0.00149579373737652,-1.49579373737652,-9.83731269212285,-0.00983731269212284
-0.043811116,-0.00149823352239764,-1.49823352239764,-9.8533583056019,-0.0098533583056019
-0.044800889,-0.00150367014500969,-1.50367014500969,-9.88911307264462,-0.00988911307264462
-0.045788538,-0.00151923732695044,-1.51923732695044,-9.99149298817687,-0.00999149298817687
-0.04679253,-0.00152581433717892,-1.52581433717892,-10.0347476860541,-0.0100347476860541
-0.047781028,-0.00153870309875653,-1.53870309875653,-10.1195125668562,-0.0101195125668562
-0.04877292,-0.00154570427750716,-1.54570427750716,-10.165556872874,-0.010165556872874
-0.04977097,-0.00156591250348962,-1.56591250348962,-10.298459313214,-0.010298459313214
-0.050764345,-0.00157246294384094,-1.57246294384094,-10.3415392702942,-0.0103415392702942
-0.051757216,-0.0015655233254303,-1.5655233254303,-10.2958998251196,-0.0102958998251196
-0.052753866,-0.00157190600839384,-1.57190600839384,-10.3378765004847,-0.0103378765004847
-0.053765923,-0.001573842043298,-1.573842043298,-10.3506091254845,-0.0103506091254845
-0.054760359,-0.00158988659121759,-1.58988659121759,-10.4561285102398,-0.0104561285102398
-0.055736557,-0.00159585358435126,-1.59585358435126,-10.4953713388604,-0.0104953713388604
-0.056750093,-0.00160317308665172,-1.60317308665172,-10.5435091476245,-0.0105435091476245
-0.057755571,-0.00162489290909838,-1.62489290909838,-10.6863528296684,-0.0106863528296684
-0.058765709,-0.00163706568794927,-1.63706568794927,-10.7664089422835,-0.0107664089422835
-0.05977501,-0.00165838766638949,-1.65838766638949,-10.9066361433273,-0.0109066361433273
-0.060781121,-0.00166716578728988,-1.66716578728988,-10.9643667768957,-0.0109643667768957
-0.061791483,-0.00167270845597361,-1.67270845597361,-11.000818971893,-0.011000818971893
-0.062767044,-0.00167711076563945,-1.67711076563945,-11.0297714241385,-0.0110297714241385
-0.063778244,-0.00167268186760339,-1.67268186760339,-11.0006441094736,-0.0110006441094736
-0.064754434,-0.00168488103433143,-1.68488103433143,-11.0808737659352,-0.0110808737659352
-0.065729775,-0.001700236207196,-1.700236207196,-11.181859371862,-0.011181859371862
-0.066724002,-0.0017248201557878,-1.7248201557878,-11.3435394106678,-0.0113435394106678
-0.067736909,-0.00175881876758568,-1.75881876758568,-11.5671363993412,-0.0115671363993412
-0.068731137,-0.00177303345218307,-1.77303345218307,-11.6606214124886,-0.0116606214124886
-0.069736183,-0.00177995521789853,-1.77995521789853,-11.7061434467257,-0.0117061434467257
-0.070747182,-0.0017911996221503,-1.7911996221503,-11.7800939640312,-0.0117800939640312
-0.071756899,-0.00179279091308774,-1.79279091308774,-11.7905593284358,-0.0117905593284358
-0.072764546,-0.00180642388091585,-1.80642388091585,-11.8802185936778,-0.0118802185936778
-0.073751725,-0.00181981477615206,-1.81981477615206,-11.9682858320773,-0.0119682858320773
-0.074748285,-0.00183326035908572,-1.83326035908572,-12.0567127323519,-0.0120567127323519
-0.075743787,-0.00185983330650035,-1.85983330650035,-12.2314737213419,-0.0122314737213419
-0.076729529,-0.00189332806591362,-1.89332806591362,-12.4517570489575,-0.0124517570489575
-0.077722482,-0.00192244704642993,-1.92244704642993,-12.6432624079231,-0.0126432624079231
-0.078735806,-0.00194236351388907,-1.94236351388907,-12.7742460544128,-0.0127742460544128
-0.079731315,-0.00195896516702811,-1.95896516702811,-12.8834293255109,-0.0128834293255109
-0.080736361,-0.0019723311773608,-1.9723311773608,-12.9713329045963,-0.0129713329045963
-0.081731223,-0.0019898875030372,-1.9898875030372,-13.0867947233537,-0.0130867947233537
-0.082747951,-0.00199458136234575,-1.99458136234575,-13.1176645957146,-0.0131176645957146
-0.083766587,-0.00199996503114461,-1.99996503114461,-13.1530711040331,-0.0131530711040331
-0.084734075,-0.00201614224634896,-2.01614224634896,-13.2594629951585,-0.0132594629951585
-0.085727461,-0.00204563228402953,-2.04563228402953,-13.4534086674241,-0.0134534086674241
-0.08674439,-0.00207862326250405,-2.07862326250405,-13.6703788038563,-0.0136703788038562
-0.087741591,-0.00210991671519878,-2.10991671519878,-13.8761849064504,-0.0138761849064504
-0.088757887,-0.00215338304587931,-2.15338304587931,-14.1620477736353,-0.0141620477736353
-0.08971031,-0.00218632082154121,-2.18632082154121,-14.378668013761,-0.014378668013761
-0.090704545,-0.00220260418852073,-2.20260418852073,-14.485758028016,-0.014485758028016
-0.09170492,-0.00221817127405503,-2.21817127405503,-14.5881373095167,-0.0145881373095167
-0.092694476,-0.00224479746106631,-2.24479746106631,-14.7632484367289,-0.0147632484367289
-0.093687788,-0.00227582855757755,-2.27582855757755,-14.967329114387,-0.014967329114387
-0.094676778,-0.00230908164303401,-2.30908164303401,-15.1860230368437,-0.0151860230368437
-0.095669307,-0.00233427577485499,-2.33427577485499,-15.3517160375138,-0.0153517160375138
-0.096684553,-0.00236251943533716,-2.36251943533716,-15.5374647225034,-0.0155374647225034
-0.097687483,-0.00237721161364687,-2.37721161364687,-15.6340900449322,-0.0156340900449322
-0.098695926,-0.00240285641060228,-2.40285641060228,-15.8027469127026,-0.0158027469127026
-0.099703744,-0.00242637957469722,-2.42637957469722,-15.9574505425732,-0.0159574505425732
-0.10066911,-0.00245966217011705,-2.45966217011705,-16.1763385417465,-0.0161763385417465
-0.10165867,-0.00248994804516972,-2.48994804516972,-16.375518158296,-0.016375518158296
-0.10267158,-0.00252331018681515,-2.52331018681515,-16.5949293051969,-0.0165949293051969
-0.10366814,-0.0025651320845807,-2.5651320845807,-16.8699773117618,-0.0168699773117618
-0.10466619,-0.00260541590331638,-2.60541590331638,-17.1349099100429,-0.0171349099100429
-0.10567632,-0.00263376571577585,-2.63376571577585,-17.3213567194913,-0.0173213567194913
-0.10669263,-0.00266057757047142,-2.66057757047142,-17.4976889181798,-0.0174976889181798
-0.10768431,-0.00268876826602436,-2.68876826602436,-17.6830892713389,-0.0176830892713389
-0.10868873,-0.00272056558828302,-2.72056558828302,-17.8922091479733,-0.0178922091479733
-0.10969017,-0.00275697749788783,-2.75697749788783,-18.1316775529741,-0.0181316775529741
-0.11069203,-0.0027944236917392,-2.7944236917392,-18.3779480840247,-0.0183779480840247
-0.11167864,-0.00283791664797819,-2.83791664797819,-18.6639860582029,-0.018663986058203
-0.11267413,-0.00288347792108349,-2.88347792108349,-18.963626629619,-0.018963626629619
-0.11364735,-0.00293909031238903,-2.93909031238903,-19.3293698929842,-0.0193293698929842
-0.11462027,-0.00298679407680528,-2.98679407680529,-19.6431008810395,-0.0196431008810395
-0.115615,-0.00304148386243872,-3.04148386243872,-20.0027764893121,-0.0200027764893121
-0.11661497,-0.00308723093439766,-3.08723093439766,-20.3036389948594,-0.0203036389948594
-0.11763275,-0.00313695567213774,-3.13695567213774,-20.6306612182182,-0.0206306612182182
-0.11863525,-0.00318959793063792,-3.18959793063792,-20.9768709560622,-0.0209768709560622
-0.11962799,-0.00324014501913752,-3.24014501913752,-21.3093014929885,-0.0213093014929885
-0.1206339,-0.00328284222268847,-3.28284222268847,-21.5901060798205,-0.0215901060798205
-0.12163915,-0.00333898505212145,-3.33898505212145,-21.9593378493834,-0.0219593378493834
-0.12265823,-0.00338478493197018,-3.38478493197018,-22.2605476539677,-0.0222605476539677
-0.1236412,-0.00343050543435512,-3.43050543435512,-22.5612354207119,-0.0225612354207119
-0.12460595,-0.00347726008799833,-3.47726008799833,-22.8687244388881,-0.0228687244388881
-0.12562075,-0.00352062029903915,-3.52062029903915,-23.1538893942871,-0.0231538893942871
-0.1265963,-0.00357973334757844,-3.57973334757844,-23.5426552569424,-0.0235426552569424
-0.12762447,-0.0036344706036794,-3.6344706036794,-23.902643061891,-0.023902643061891
-0.12862636,-0.00369315927168323,-3.69315927168323,-24.2886179220682,-0.0242886179220682
-0.12963247,-0.00374826774976908,-3.74826774976908,-24.6510471242845,-0.0246510471242845
-0.13062988,-0.00379926551512553,-3.79926551512553,-24.9864416054051,-0.0249864416054051
-0.13161138,-0.00385670807413084,-3.85670807413084,-25.3642212421631,-0.0253642212421631
-0.13261239,-0.00391552907927285,-3.91552907927285,-25.7510664374517,-0.0257510664374517
-0.1336045,-0.00396700455288128,-3.96700455288128,-26.0896026388062,-0.0260896026388062
-0.13460806,-0.00401118678402983,-4.01118678402984,-26.3801737331914,-0.0263801737331914
-0.13562861,-0.00407367569243345,-4.07367569243345,-26.7911414464497,-0.0267911414464497
-0.13662538,-0.00412758286014044,-4.12758286014044,-27.145670050113,-0.027145670050113
-0.13761687,-0.00418006600779743,-4.18006600779743,-27.490833371544,-0.027490833371544
-0.13863505,-0.00422830610073611,-4.22830610073611,-27.8080916048665,-0.0278080916048665
-0.13963948,-0.00429012386383771,-4.29012386383771,-28.2146454300113,-0.0282146454300113
-0.14063138,-0.004340432573776,-4.340432573776,-28.5455082344433,-0.0285455082344433
-0.14166211,-0.00441657144619967,-4.41657144619967,-29.0462469909586,-0.0290462469909586
-0.14265825,-0.00446857683346022,-4.46857683346022,-29.38826824922,-0.02938826824922
-0.14365628,-0.00452721249287908,-4.52721249287908,-29.7738944904582,-0.0297738944904582
-0.14464542,-0.00458192325256981,-4.58192325256981,-30.1337080377761,-0.0301337080377761
-0.14563903,-0.00462599968199759,-4.62599968199759,-30.423583311217,-0.030423583311217
-0.14662625,-0.00466843137069695,-4.66843137069695,-30.7026416996567,-0.0307026416996567
-0.14760859,-0.00471545138255654,-4.71545138255654,-31.0118758860903,-0.0310118758860903
-0.14859667,-0.0047493971796939,-4.7493971796939,-31.235125531198,-0.031235125531198
-0.14961043,-0.0047734768138778,-4.7734768138778,-31.3934888703803,-0.0313934888703803
-0.15061121,-0.00479434842175882,-4.79434842175882,-31.5307541416423,-0.0315307541416423
-0.15162668,-0.00481654551145361,-4.81654551145361,-31.6767366435919,-0.0316767366435919
-0.15265633,-0.00485831448693511,-4.85831448693511,-31.9514365987888,-0.0319514365987888
-0.15365312,-0.00490154200249687,-4.90154200249687,-32.2357288623936,-0.0322357288623936
-0.15466666,-0.00493010415812022,-4.93010415812022,-32.4235721786256,-0.0324235721786256
-0.15568039,-0.00495665783941905,-4.95665783941905,-32.5982064611048,-0.0325982064611048
-0.15668438,-0.00495948794236434,-4.95948794236434,-32.616819059171,-0.032616819059171
-0.15768521,-0.00494911881307616,-4.94911881307616,-32.5486249194283,-0.0325486249194283
-0.1586775,-0.00494153429503461,-4.94153429503461,-32.4987441947472,-0.0324987441947472
-0.15966539,-0.00491941628731888,-4.91941628731888,-32.353281787338,-0.032353281787338
-0.16065516,-0.00489077476918786,-4.89077476918786,-32.1649165316269,-0.0321649165316269
-0.1616445,-0.00486242497451409,-4.86242497451409,-31.9784698391488,-0.0319784698391488
-0.16264297,-0.00481826916883518,-4.81826916883518,-31.6880725358429,-0.0316880725358429
-0.16368389,-0.00477392777853916,-4.77392777853916,-31.3964547073644,-0.0313964547073644
-0.16468808,-0.00472306275171123,-4.72306275171123,-31.0619332011592,-0.0310619332011592
-0.16569421,-0.00467060597333734,-4.67060597333734,-30.716943301288,-0.030716943301288
-0.16670583,-0.00459234564146347,-4.59234564146347,-30.2022524473319,-0.0302022524473319
-0.16767459,-0.0045173998736977,-4.5173998736977,-29.7093603232105,-0.0297093603232105
-0.16865526,-0.00441569596094064,-4.41569596094064,-29.0404892303562,-0.0290404892303562
-0.16964459,-0.00433115067830336,-4.33115067830336,-28.4844644515618,-0.0284844644515618
-0.1706505,-0.00423188602952804,-4.23188602952804,-27.8316355454926,-0.0278316355454926
-0.17165132,-0.00414779128024948,-4.14779128024948,-27.2785737671556,-0.0272785737671556
-0.17263387,-0.00405483868194602,-4.05483868194602,-26.667257011237,-0.026667257011237
-0.17366458,-0.0039750137742279,-3.9750137742279,-26.1422764887083,-0.0261422764887083
-0.1746794,-0.00386776699775107,-3.86776699775107,-25.4369519181728,-0.0254369519181728
-0.17567597,-0.00376574430770738,-3.76574430770738,-24.765984338504,-0.024765984338504
-0.17669937,-0.00368676830688589,-3.68676830688589,-24.2465867799763,-0.0242465867799763
-0.17771472,-0.00360681009685019,-3.60681009685019,-23.7207295746887,-0.0237207295746887
-0.17869684,-0.00352059368641576,-3.52059368641576,-23.1537143723631,-0.0231537143723631
-0.17972715,-0.00341403655753917,-3.41403655753917,-22.4529253730908,-0.0224529253730908
-0.18072647,-0.00332198577658951,-3.32198577658951,-21.8475395547599,-0.0218475395547599
-0.18173639,-0.00323584888125575,-3.23584888125575,-21.2810472954642,-0.0212810472954642
-0.18272956,-0.0031559706690637,-3.1559706690637,-20.7557162080382,-0.0207557162080382
-0.18372445,-0.00307808149065952,-3.07808149065952,-20.2434663007492,-0.0202434663007492
-0.18472652,-0.00301395617073771,-3.01395617073771,-19.8217364807945,-0.0198217364807945
-0.18570887,-0.00296245429470017,-2.96245429470017,-19.4830266398904,-0.0194830266398904
-0.1867069,-0.00290225405418217,-2.90225405418217,-19.0871106955201,-0.0190871106955201
-0.18769096,-0.00284526259888984,-2.84526259888984,-18.7122978102401,-0.0187122978102401
-0.18869707,-0.00278710437831047,-2.78710437831047,-18.329811517404,-0.018329811517404
-0.18971039,-0.00273279140290267,-2.73279140290268,-17.9726140583056,-0.0179726140583056
-0.19069868,-0.00266630575646963,-2.66630575646963,-17.5353611957238,-0.0175353611957238
-0.19173133,-0.00260584026060921,-2.60584026060921,-17.1377007596624,-0.0171377007596624
-0.19270559,-0.00255542571499568,-2.55542571499568,-16.8061419109795,-0.0168061419109795
-0.19371721,-0.00250893619340787,-2.50893619340787,-16.5003965736787,-0.0165003965736787
-0.19471337,-0.00246409103318809,-2.46409103318809,-16.2054656264587,-0.0162054656264587
-0.19526425,-0.00244796674815007,-2.44796674815007,-16.0994218385403,-0.0160994218385403
-0.19532917,-0.00243412330746651,-2.43412330746651,-16.0083783668797,-0.0160083783668797
-0.19535592,-0.00246085529215634,-2.46085529215634,-16.1841852884517,-0.0161841852884517
