E / V,j / uA cm-2
0.0669,-1.717
0.0673,0.1728
0.0676,2.4837
0.0679,6.8357
0.0682,11.4684
0.0685,15.8959
0.0688,20.1939
0.0691,23.0124
0.0694,25.1505
0.0697,26.9
0.0701,27.4723
0.0703,28.1526
0.0706,28.6602
0.0709,28.5306
0.0712,28.9625
0.0715,29.1137
0.0718,29.0165
0.0721,29.5241
0.0724,29.5133
0.0727,29.5457
0.073,30.0316
0.0733,29.8696
0.0736,30.0316
0.0739,30.388
0.0742,30.1504
0.0745,30.4636
0.0748,30.6255
0.0751,30.3772
0.0754,30.7768
0.0757,30.7552
0.076,30.6255
0.0763,31.0575
0.0766,30.8955
0.0769,30.9279
0.0772,31.2735
0.0776,30.9603
0.0778,31.1223
0.0781,31.3275
0.0784,31.0359
0.0787,31.3491
0.079,31.3707
0.0793,31.1331
0.0796,31.5111
0.0799,31.3815
0.0802,31.2951
0.0805,31.6622
0.0808,31.3707
0.0811,31.4355
0.0814,31.6947
0.0817,31.3707
0.082,31.6082
0.0823,31.6947
0.0827,31.3707
0.0829,31.6947
0.0832,31.6191
0.0835,31.4463
0.0838,31.835
0.0842,31.6082
0.0845,31.5651
0.0847,31.8567
0.0851,31.5111
0.0853,31.6407
0.0856,31.8027
0.086,31.4571
0.0863,31.727
0.0865,31.727
0.0868,31.4463
0.0871,31.8027
0.0874,31.6407
0.0878,31.5327
0.088,31.8782
0.0883,31.5759
0.0886,31.6191
0.0889,31.8674
0.0892,31.5003
0.0896,31.7054
0.0898,31.781
0.0902,31.4571
0.0904,31.7702
0.0907,31.6622
0.091,31.4355
0.0914,31.781
0.0917,31.5543
0.092,31.5003
0.0922,31.8027
0.0925,31.4463
0.0928,31.5651
0.0932,31.7379
0.0935,31.3923
0.0938,31.6731
0.094,31.6731
0.0943,31.3815
0.0946,31.7162
0.0949,31.5327
0.0953,31.3923
0.0955,31.7379
0.0958,31.4355
0.0961,31.4787
0.0964,31.7162
0.0968,31.3491
0.097,31.5543
0.0973,31.6407
0.0976,31.3059
0.0979,31.6191
0.0982,31.5219
0.0986,31.3059
0.0988,31.6731
0.0991,31.4355
0.0995,31.3707
0.0997,31.6731
0.1001,31.3275
0.1004,31.4571
0.1006,31.6299
0.101,31.2735
0.1013,31.5219
0.1015,31.5111
0.1019,31.2195
0.1021,31.5759
0.1024,31.4139
0.1028,31.2951
0.103,31.6515
0.1033,31.3707
0.1037,31.4247
0.1039,31.6731
0.1043,31.3059
0.1045,31.4787
0.1048,31.5651
0.1051,31.2411
0.1055,31.5651
0.1058,31.4787
0.1061,31.2519
0.1063,31.5975
0.1066,31.3599
0.107,31.3275
0.1073,31.6515
0.1076,31.3167
0.1079,31.4355
0.1081,31.6082
0.1085,31.2627
0.1087,31.5435
0.1091,31.5543
0.1094,31.2735
0.1097,31.6407
0.11,31.5003
0.1103,31.3815
0.1105,31.7162
0.1109,31.4139
0.1112,31.4247
0.1115,31.6622
0.1118,31.2951
0.1121,31.4895
0.1123,31.5975
0.1127,31.2843
0.113,31.5975
0.1133,31.5435
0.1136,31.3491
0.1138,31.7162
0.1142,31.4895
0.1145,31.4355
0.1148,31.7594
0.1151,31.4355
0.1154,31.5759
0.1157,31.7702
0.116,31.4247
0.1163,31.6947
0.1166,31.727
0.1169,31.4571
0.1172,31.8242
0.1175,31.6407
0.1178,31.4679
0.1181,31.8134
0.1184,31.5327
0.1187,31.5975
0.119,31.9106
0.1193,31.5759
0.1196,31.781
0.1199,31.8782
0.1202,31.5543
0.1205,31.889
0.1208,31.8134
0.1211,31.5867
0.1214,31.943
0.1217,31.7162
0.122,31.6839
0.1223,32.0402
0.1226,31.7162
0.1229,31.8458
0.1232,32.0294
0.1235,31.6839
0.1238,31.9646
0.1241,31.9862
0.1244,31.7054
0.1247,32.0618
0.125,31.9214
0.1253,31.781
0.1256,32.1266
0.1259,31.8567
0.1262,31.8998
0.1264,32.1806
0.1268,31.8242
0.1271,32.0402
0.1274,32.159
0.1277,31.8458
0.128,32.1806
0.1283,32.1158
0.1286,31.8998
0.1289,32.2562
0.1292,32.0294
0.1295,31.9862
0.1298,32.321
0.1301,31.9862
0.1304,32.105
0.1307,32.2886
0.131,31.9322
0.1313,32.2022
0.1316,32.2346
0.1319,31.9538
0.1322,32.3102
0.1325,32.159
0.1328,32.0078
0.1331,32.3642
0.1334,32.0834
0.1337,32.1374
0.134,32.4182
0.1343,32.0726
0.1346,32.2562
0.1349,32.3534
0.1352,31.997
0.1355,32.321
0.1358,32.267
0.1361,32.0402
0.1364,32.4074
0.1367,32.1698
0.137,32.105
0.1373,32.4182
0.1376,32.0942
0.1379,32.1914
0.1382,32.3534
0.1385,31.9862
0.1388,32.2454
0.1391,32.2778
0.1394,31.997
0.1397,32.3642
0.14,32.213
0.1403,32.0726
0.1406,32.4074
0.1409,32.0942
0.1412,32.105
0.1415,32.375
0.1418,32.0078
0.1421,32.1914
0.1424,32.2994
0.1427,31.9538
0.143,32.267
0.1433,32.1914
0.1436,31.9754
0.1439,32.3534
0.1442,32.1482
0.1445,32.0726
0.1448,32.3858
0.1451,32.0294
0.1454,32.1266
0.1457,32.3102
0.146,31.9538
0.1463,32.2022
0.1466,32.213
0.1469,31.9106
0.1472,32.267
0.1475,32.1266
0.1478,31.9754
0.1481,32.3318
0.1484,32.051
0.1487,32.0726
0.149,32.3318
0.1493,31.9646
0.1496,32.1482
0.1499,32.2562
0.1502,31.9106
0.1505,32.2238
0.1508,32.159
0.1511,31.9214
0.1514,32.267
0.1517,32.0402
0.152,31.9754
0.1523,32.3102
0.1526,31.9754
0.1529,32.0834
0.1532,32.267
0.1535,31.8998
0.1538,32.159
0.1541,32.2022
0.1544,31.9106
0.1547,32.267
0.155,32.1158
0.1553,31.9646
0.1556,32.2994
0.1559,32.0078
0.1562,32.0294
0.1565,32.3102
0.1568,31.9538
0.1571,32.1374
0.1574,32.2346
0.1577,31.8782
0.158,32.1914
0.1583,32.1266
0.1586,31.8998
0.1589,32.2778
0.1592,32.0834
0.1595,32.0078
0.1598,32.321
0.1601,31.9862
0.1604,32.0942
0.1607,32.2994
0.161,31.943
0.1613,32.1914
0.1616,32.2022
0.1619,31.889
0.1622,32.2346
0.1625,32.105
0.1628,31.9646
0.1631,32.321
0.1634,32.0294
0.1637,32.0618
0.164,32.3426
0.1643,31.997
0.1646,32.1806
0.1649,32.2886
0.1652,31.943
0.1655,32.267
0.1658,32.213
0.1661,31.9754
0.1664,32.3318
0.1667,32.0942
0.167,32.0078
0.1673,32.3318
0.1676,32.0078
0.1679,32.1266
0.1682,32.3318
0.1685,31.9862
0.1688,32.2454
0.1691,32.267
0.1694,31.9754
0.1697,32.321
0.17,32.1806
0.1703,32.0078
0.1706,32.375
0.1709,32.0942
0.1712,32.105
0.1715,32.3858
0.1718,32.0294
0.1721,32.2238
0.1724,32.3426
0.1727,32.0078
0.173,32.2994
0.1733,32.2346
0.1736,31.997
0.1739,32.3642
0.1742,32.159
0.1745,32.105
0.1748,32.4398
0.1751,32.105
0.1754,32.2022
0.1757,32.4074
0.176,32.051
0.1763,32.3102
0.1766,32.3534
0.1769,32.051
0.1772,32.3966
0.1775,32.2454
0.1778,32.0726
0.1781,32.429
0.1784,32.1482
0.1787,32.159
0.179,32.429
0.1793,32.0834
0.1796,32.267
0.1799,32.3858
0.1802,32.0402
0.1805,32.3534
0.1808,32.3102
0.1811,32.0726
0.1814,32.429
0.1817,32.2022
0.182,32.1374
0.1823,32.4938
0.1826,32.1914
0.1829,32.3102
0.1832,32.5046
0.1835,32.1374
0.1838,32.3966
0.1841,32.429
0.1844,32.1266
0.1847,32.4614
0.185,32.2994
0.1853,32.1374
0.1856,32.4938
0.1859,32.2238
0.1862,32.2562
0.1865,32.5478
0.1868,32.1806
0.1871,32.3642
0.1874,32.4938
0.1878,32.1482
0.188,32.4506
0.1883,32.3858
0.1886,32.1374
0.1889,32.4938
0.1892,32.3102
0.1895,32.2562
0.1898,32.5909
0.1901,32.2562
0.1904,32.3426
0.1907,32.5478
0.1911,32.1914
0.1913,32.429
0.1916,32.4506
0.1919,32.159
0.1922,32.4938
0.1925,32.3642
0.1928,32.213
0.1931,32.5586
0.1934,32.2886
0.1937,32.3102
0.194,32.6018
0.1943,32.2562
0.1946,32.4506
0.1949,32.5694
0.1952,32.2346
0.1955,32.537
0.1958,32.4722
0.1961,32.213
0.1964,32.5694
0.1967,32.3642
0.197,32.2886
0.1973,32.6126
0.1976,32.2994
0.1979,32.4182
0.1982,32.6341
0.1985,32.2778
0.1988,32.5154
0.1991,32.5586
0.1994,32.2454
0.1997,32.5909
0.2,32.4398
0.2003,32.2886
0.2006,32.6557
0.2009,32.3858
0.2012,32.3966
0.2015,32.6666
0.2019,32.2994
0.2021,32.4722
0.2024,32.6018
0.2027,32.267
0.203,32.5801
0.2034,32.537
0.2037,32.2994
0.2039,32.6557
0.2042,32.429
0.2045,32.3318
0.2048,32.6557
0.2052,32.3426
0.2054,32.4506
0.2057,32.6774
0.206,32.3318
0.2063,32.5801
0.2066,32.6126
0.207,32.2886
0.2072,32.6126
0.2075,32.4722
0.2078,32.321
0.2081,32.6774
0.2084,32.3966
0.2088,32.3966
0.2091,32.6881
0.2094,32.3318
0.2096,32.5154
0.2099,32.6557
0.2103,32.3102
0.2106,32.6234
0.2109,32.5801
0.2112,32.321
0.2114,32.6666
0.2117,32.4398
0.212,32.3534
0.2123,32.6881
0.2126,32.3642
0.2129,32.4614
0.2132,32.6557
0.2135,32.2886
0.2139,32.5262
0.2141,32.5694
0.2145,32.2778
0.2147,32.6341
0.215,32.5262
0.2153,32.375
0.2157,32.7314
0.216,32.4506
0.2163,32.4398
0.2166,32.6989
0.2169,32.321
0.2171,32.4938
0.2175,32.6126
0.2178,32.267
0.2181,32.5694
0.2184,32.5262
0.2187,32.2778
0.2189,32.6234
0.2193,32.4182
0.2196,32.3318
0.2198,32.6557
0.2201,32.3102
0.2204,32.3966
0.2207,32.6018
0.2211,32.2454
0.2213,32.4938
0.2216,32.5262
0.2219,32.213
0.2222,32.5478
0.2225,32.4074
0.2229,32.2346
0.2231,32.5801
0.2235,32.2886
0.2238,32.2886
0.224,32.5694
0.2243,32.2022
0.2247,32.375
0.2249,32.4938
0.2253,32.1266
0.2255,32.4182
0.2258,32.375
0.2261,32.1266
0.2265,32.483
0.2268,32.267
0.2271,32.1698
0.2273,32.483
0.2276,32.159
0.2279,32.2562
0.2283,32.4614
0.2286,32.0834
0.2288,32.2994
0.2291,32.3318
0.2294,32.0186
0.2298,32.3426
0.2301,32.1914
0.2304,32.0078
0.2306,32.3534
0.2309,32.0834
0.2313,32.0942
0.2316,32.3642
0.2319,31.997
0.2322,32.1482
0.2325,32.2562
0.2328,31.8998
0.233,32.1914
0.2334,32.1374
0.2337,31.889
0.234,32.2454
0.2343,32.0294
0.2346,31.9322
0.2348,32.2346
0.2352,31.889
0.2355,31.9538
0.2358,32.1482
0.2361,31.781
0.2364,32.0186
0.2366,32.051
0.237,31.7379
0.2373,32.0834
0.2376,31.9538
0.2379,31.7702
0.2381,32.1158
0.2385,31.8242
0.2388,31.8134
0.2391,32.0618
0.2394,31.6839
0.2397,31.8458
0.24,31.9538
0.2403,31.5867
0.2406,31.889
0.2409,31.835
0.2412,31.5867
0.2415,31.9322
0.2418,31.6947
0.2421,31.5867
0.2424,31.8998
0.2427,31.5651
0.243,31.6407
0.2433,31.835
0.2436,31.4571
0.2439,31.6731
0.2442,31.7054
0.2445,31.3923
0.2448,31.7379
0.2451,31.6082
0.2454,31.4247
0.2456,31.7594
0.246,31.4679
0.2463,31.4571
0.2466,31.727
0.2469,31.3491
0.2472,31.5003
0.2475,31.6082
0.2478,31.2519
0.2481,31.5435
0.2484,31.4895
0.2487,31.2087
0.249,31.5435
0.2493,31.3275
0.2496,31.2411
0.2499,31.5543
0.2502,31.2087
0.2505,31.2735
0.2507,31.4571
0.2511,31.0791
0.2514,31.3167
0.2517,31.3491
0.252,31.0359
0.2522,31.3815
0.2526,31.2411
0.2529,31.0467
0.2532,31.3707
0.2535,31.0683
0.2538,31.0575
0.2541,31.3275
0.2544,30.9819
0.2547,31.1439
0.255,31.2735
0.2553,30.9171
0.2556,31.1979
0.2559,31.1439
0.2562,30.8847
0.2565,31.2303
0.2568,31.0143
0.2571,30.8847
0.2574,31.1763
0.2577,30.82
0.258,30.8955
0.2583,31.1007
0.2586,30.7335
0.2589,30.9711
0.2592,31.0251
0.2595,30.712
0.2597,31.0467
0.2601,30.8955
0.2604,30.712
0.2607,31.0467
0.261,30.766
0.2613,30.7552
0.2616,31.0143
0.2619,30.6472
0.2622,30.7983
0.2625,30.9171
0.2628,30.5824
0.2631,30.8847
0.2634,30.82
0.2637,30.55
0.264,30.874
0.2643,30.658
0.2646,30.5608
0.2649,30.8847
0.2652,30.5608
0.2655,30.658
0.2658,30.8631
0.2661,30.496
0.2664,30.7228
0.2667,30.7443
0.267,30.4096
0.2673,30.7335
0.2676,30.5824
0.2679,30.3988
0.2682,30.7552
0.2685,30.496
0.2688,30.4852
0.2691,30.7552
0.2694,30.3988
0.2697,30.5716
0.27,30.7012
0.2703,30.3556
0.2706,30.6472
0.2709,30.5932
0.2712,30.334
0.2715,30.6904
0.2718,30.4744
0.2721,30.3772
0.2724,30.6904
0.2727,30.3556
0.273,30.4312
0.2733,30.6472
0.2736,30.3016
0.2739,30.5284
0.2742,30.55
0.2745,30.2476
0.2748,30.5824
0.2751,30.4636
0.2754,30.2908
0.2757,30.6364
0.276,30.3556
0.2763,30.334
0.2766,30.604
0.2769,30.2476
0.2772,30.388
0.2775,30.5176
0.2778,30.172
0.2781,30.4744
0.2784,30.4204
0.2787,30.1504
0.279,30.4852
0.2793,30.28
0.2796,30.1828
0.2799,30.4852
0.2802,30.1612
0.2805,30.226
0.2808,30.4096
0.2811,30.0316
0.2814,30.2584
0.2817,30.2908
0.282,29.9561
0.2823,30.2584
0.2826,30.0748
0.2829,29.8696
0.2832,30.1936
0.2835,29.9021
0.2838,29.8696
0.2841,30.0964
0.2844,29.6753
0.2847,29.8048
0.285,29.9021
0.2853,29.5133
0.2856,29.7725
0.2859,29.6753
0.2862,29.3729
0.2865,29.6645
0.2868,29.4053
0.2871,29.2541
0.2874,29.5025
0.2877,29.1029
0.288,29.1029
0.2883,29.2433
0.2886,28.8329
0.2889,29.0057
0.2892,28.9841
0.2895,28.6062
0.2898,28.8762
0.2901,28.6818
0.2904,28.4442
0.2907,28.725
0.291,28.3794
0.2913,28.3038
0.2916,28.4982
0.2919,28.077
0.2922,28.1742
0.2925,28.2282
0.2928,27.8287
0.2931,28.0662
0.2934,27.9582
0.2937,27.6559
0.294,27.9367
0.2943,27.6559
0.2946,27.5047
0.2949,27.7315
0.2952,27.3427
0.2955,27.3643
0.2958,27.4831
0.2961,27.0511
0.2964,27.2455
0.2967,27.2455
0.297,26.9108
0.2973,27.1808
0.2976,26.9755
0.2979,26.738
0.2982,27.008
0.2985,26.6516
0.2988,26.5868
0.2991,26.7812
0.2994,26.3816
0.2997,26.5112
0.3,26.5868
0.3003,26.2088
0.3006,26.4356
0.3009,26.3168
0.3012,26.0144
0.3015,26.2736
0.3018,25.9929
0.3021,25.8525
0.3024,26.1116
0.3027,25.7337
0.303,25.7661
0.3033,25.9065
0.3036,25.4853
0.3039,25.6581
0.3042,25.6149
0.3045,25.2693
0.3048,25.5501
0.3051,25.3665
0.3054,25.1505
0.3057,25.4205
0.306,25.0857
0.3063,25.0317
0.3066,25.2369
0.3069,24.8374
0.3072,24.9562
0.3075,25.0209
0.3078,24.6538
0.3081,24.913
0.3084,24.805
0.3087,24.5026
0.309,24.7618
0.3093,24.4594
0.3096,24.319
0.3099,24.5674
0.3102,24.2002
0.3105,24.2542
0.3108,24.3838
0.3112,23.9735
0.3114,24.1462
0.3117,24.1247
0.3121,23.7791
0.3123,24.049
0.3126,23.8439
0.3129,23.6279
0.3132,23.9087
0.3135,23.5847
0.3138,23.5307
0.3141,23.7143
0.3144,23.3039
0.3147,23.4119
0.315,23.4659
0.3154,23.0988
0.3156,23.3363
0.3159,23.2068
0.3162,22.9152
0.3165,23.1851
0.3168,22.9044
0.3172,22.7748
0.3174,23.0016
0.3177,22.6236
0.318,22.656
0.3183,22.7748
0.3186,22.386
0.3189,22.5588
0.3192,22.5048
0.3195,22.1593
0.3198,22.4184
0.3201,22.1916
0.3204,21.9973
0.3207,22.2673
0.321,21.9433
0.3213,21.9001
0.3216,22.0729
0.3219,21.6841
0.3222,21.7921
0.3225,21.8029
0.3228,21.4249
0.3231,21.6517
0.3234,21.5113
0.3237,21.2414
0.324,21.5005
0.3243,21.209
0.3247,21.0794
0.3249,21.2845
0.3252,20.8958
0.3255,20.9498
0.3258,21.047
0.3262,20.6474
0.3265,20.831
0.3267,20.7662
0.327,20.4206
0.3273,20.6582
0.3277,20.4315
0.328,20.237
0.3282,20.4854
0.3285,20.1399
0.3288,20.1183
0.3291,20.2695
0.3295,19.8591
0.3297,19.9671
0.33,19.9779
0.3303,19.6107
0.3306,19.8159
0.3309,19.6539
0.3312,19.3623
0.3315,19.5999
0.3318,19.3191
0.3322,19.222
0.3324,19.4056
0.3327,19.0276
0.3331,19.06
0.3334,19.1356
0.3337,18.7576
0.334,18.9304
0.3342,18.844
0.3345,18.5092
0.3349,18.736
0.3352,18.5092
0.3355,18.3365
0.3357,18.5524
0.336,18.1745
0.3363,18.1313
0.3366,18.2501
0.337,17.8613
0.3372,17.9909
0.3375,17.9909
0.3378,17.6345
0.3381,17.8397
0.3385,17.6669
0.3387,17.4077
0.339,17.6345
0.3393,17.3214
0.3396,17.2026
0.3399,17.3754
0.3403,17.0082
0.3406,17.073
0.3408,17.1162
0.3412,16.7274
0.3414,16.8786
0.3417,16.7814
0.3421,16.4898
0.3424,16.7166
0.3427,16.4575
0.343,16.2847
0.3432,16.4683
0.3436,16.1119
0.3439,16.0903
0.3442,16.1983
0.3445,15.8203
0.3447,15.9391
0.345,15.9067
0.3454,15.5828
0.3456,15.7663
0.3459,15.5719
0.3462,15.3344
0.3465,15.5396
0.3468,15.248
0.3472,15.1616
0.3475,15.3236
0.3478,14.9456
0.348,14.9996
0.3483,15.032
0.3486,14.6649
0.349,14.8268
0.3493,14.6972
0.3496,14.4057
0.3498,14.6109
0.3502,14.3625
0.3504,14.2221
0.3508,14.4057
0.3511,14.0709
0.3514,14.0601
0.3517,14.1573
0.352,13.7902
0.3522,13.9089
0.3526,13.8549
0.3529,13.5418
0.3531,13.7253
0.3534,13.531
0.3537,13.3258
0.354,13.531
0.3544,13.2394
0.3547,13.1638
0.3549,13.2934
0.3553,12.937
0.3555,13.0126
0.3558,13.0342
0.3562,12.6887
0.3565,12.8398
0.3567,12.7103
0.357,12.4619
0.3573,12.6671
0.3576,12.4187
0.358,12.2891
0.3583,12.4619
0.3586,12.1487
0.3589,12.1703
0.3591,12.2351
0.3595,11.8895
0.3598,11.9975
0.3601,11.9327
0.3604,11.652
0.3607,11.8464
0.361,11.6412
0.3613,11.4684
0.3616,11.652
0.3619,11.3712
0.3622,11.3388
0.3624,11.4576
0.3628,11.112
0.3631,11.1876
0.3634,11.1876
0.3637,10.8852
0.364,11.058
0.3643,10.9392
0.3646,10.7232
0.3649,10.9177
0.3652,10.6693
0.3655,10.5721
0.3658,10.7232
0.3661,10.4209
0.3664,10.4425
0.3667,10.4965
0.367,10.1941
0.3673,10.3237
0.3676,10.2481
0.3679,10.0105
0.3681,10.1941
0.3685,10.0213
0.3688,9.881
0.3691,10.0429
0.3694,9.7622
0.3697,9.7406
0.3699,9.8378
0.3703,9.5462
0.3706,9.6434
0.3709,9.6326
0.3712,9.3734
0.3714,9.5354
0.3718,9.4058
0.3721,9.2222
0.3724,9.4058
0.3727,9.1682
0.373,9.1034
0.3733,9.233
0.3736,8.9631
0.3739,9.0278
0.3742,9.0711
0.3745,8.7903
0.3748,8.9199
0.3751,8.8335
0.3754,8.6283
0.3757,8.8119
0.376,8.6391
0.3763,8.5311
0.3765,8.6931
0.3769,8.4447
0.3772,8.4555
0.3775,8.5311
0.3778,8.2611
0.3781,8.3691
0.3784,8.3367
0.3787,8.1099
0.379,8.2719
0.3793,8.1531
0.3796,8.0127
0.3799,8.1747
0.3802,7.9696
0.3805,7.9264
0.3808,8.0452
0.3811,7.7968
0.3814,7.8508
0.3817,7.8939
0.382,7.6564
0.3823,7.7968
0.3826,7.7212
0.3829,7.5376
0.3832,7.6996
0.3835,7.5268
0.3838,7.4512
0.384,7.6024
0.3844,7.3864
0.3847,7.408
0.385,7.4728
0.3853,7.2352
0.3855,7.3432
0.3859,7.3216
0.3862,7.1272
0.3865,7.2892
0.3868,7.1705
0.3871,7.0409
0.3874,7.2028
0.3877,6.9977
0.388,6.9869
0.3883,7.084
0.3886,6.8573
0.3889,6.9329
0.3892,6.9653
0.3895,6.7493
0.3898,6.8789
0.3901,6.8141
0.3904,6.6629
0.3907,6.8357
0.391,6.6737
0.3913,6.6089
0.3916,6.7385
0.3919,6.5333
0.3922,6.5657
0.3925,6.6305
0.3928,6.4145
0.3931,6.5225
0.3934,6.5009
0.3937,6.3281
0.394,6.4793
0.3943,6.3713
0.3946,6.2741
0.3949,6.4253
0.3952,6.2418
0.3955,6.2418
0.3958,6.3389
0.3961,6.123
0.3964,6.2093
0.3967,6.2309
0.397,6.0366
0.3973,6.1769
0.3976,6.1013
0.3979,5.9826
0.3982,6.1338
0.3985,5.9826
0.3988,5.9394
0.3991,6.069
0.3994,5.8746
0.3997,5.9178
0.4,5.9718
0.4003,5.7774
0.4006,5.8854
0.4009,5.8638
0.4012,5.7126
0.4015,5.853
0.4018,5.745
0.4021,5.6694
0.4024,5.8098
0.4027,5.6478
0.403,5.6478
0.4033,5.745
0.4036,5.5506
0.4039,5.637
0.4042,5.6478
0.4045,5.475
0.4048,5.6046
0.4051,5.5398
0.4054,5.4318
0.4057,5.583
0.406,5.4426
0.4063,5.4102
0.4066,5.5182
0.4069,5.3454
0.4072,5.3994
0.4075,5.4534
0.4078,5.2806
0.4081,5.3886
0.4084,5.3562
0.4087,5.2266
0.409,5.367
0.4093,5.2591
0.4096,5.1942
0.4099,5.3238
0.4102,5.1619
0.4105,5.1834
0.4108,5.2591
0.4111,5.0863
0.4114,5.1726
0.4117,5.1834
0.412,5.0323
0.4123,5.1619
0.4126,5.0971
0.4129,4.9999
0.4132,5.1403
0.4135,4.9999
0.4138,4.9783
0.4141,5.0863
0.4144,4.9243
0.4147,4.9783
0.415,5.0215
0.4153,4.8595
0.4156,4.9675
0.4159,4.9351
0.4162,4.8163
0.4165,4.9567
0.4168,4.8487
0.4171,4.7839
0.4174,4.9243
0.4177,4.7731
0.418,4.7947
0.4183,4.8703
0.4186,4.6975
0.4189,4.7839
0.4192,4.7947
0.4195,4.6543
0.4198,4.7839
0.4201,4.7083
0.4204,4.6219
0.4207,4.7623
0.421,4.6327
0.4213,4.6111
0.4216,4.7083
0.4219,4.5463
0.4222,4.6111
0.4225,4.6543
0.4228,4.5031
0.4231,4.6111
0.4234,4.5895
0.4237,4.4707
0.424,4.6003
0.4243,4.5031
0.4246,4.4491
0.4249,4.5679
0.4252,4.4167
0.4255,4.4383
0.4258,4.5139
0.4261,4.3627
0.4264,4.4491
0.4267,4.4491
0.427,4.3195
0.4273,4.4383
0.4276,4.3735
0.4279,4.2979
0.4282,4.4275
0.4285,4.2979
0.4288,4.2872
0.4291,4.3843
0.4294,4.2439
0.4297,4.2872
0.43,4.3303
0.4303,4.1792
0.4306,4.2872
0.4309,4.2655
0.4312,4.1576
0.4315,4.2872
0.4318,4.19
0.4321,4.136
0.4324,4.2547
0.4327,4.1144
0.433,4.136
0.4333,4.2007
0.4336,4.0496
0.4339,4.136
0.4342,4.1467
0.4345,4.0172
0.4348,4.136
0.4351,4.0712
0.4354,4.0064
0.4357,4.1144
0.436,4.0064
0.4363,3.9956
0.4366,4.082
0.4369,3.9308
0.4372,3.9956
0.4375,4.028
0.4378,3.8984
0.4381,3.9956
0.4384,3.974
0.4387,3.866
0.439,3.9956
0.4393,3.8984
0.4396,3.8552
0.4399,3.9632
0.4402,3.8336
0.4405,3.8552
0.4408,3.92
0.4411,3.7796
0.4414,3.866
0.4417,3.866
0.442,3.7472
0.4423,3.8552
0.4426,3.7904
0.4429,3.7256
0.4432,3.8444
0.4435,3.7256
0.4438,3.7148
0.4441,3.8012
0.4444,3.6716
0.4447,3.7256
0.445,3.758
0.4453,3.6284
0.4456,3.7256
0.4459,3.6932
0.4462,3.6068
0.4465,3.7148
0.4468,3.6176
0.4471,3.5852
0.4474,3.6824
0.4477,3.5636
0.448,3.596
0.4483,3.65
0.4486,3.5204
0.4489,3.596
0.4492,3.596
0.4495,3.488
0.4498,3.596
0.4501,3.5312
0.4504,3.4664
0.4507,3.5744
0.451,3.4664
0.4513,3.4664
0.4516,3.542
0.4519,3.4124
0.4522,3.4772
0.4525,3.4988
0.4528,3.38
0.4531,3.4772
0.4534,3.4448
0.4537,3.3584
0.454,3.4664
0.4543,3.38
0.4546,3.3476
0.4549,3.434
0.4552,3.326
0.4555,3.3584
0.4558,3.4016
0.4561,3.2721
0.4564,3.3584
0.4567,3.3584
0.457,3.2505
0.4573,3.3584
0.4576,3.2937
0.4579,3.2397
0.4582,3.3368
0.4585,3.2289
0.4588,3.2289
0.4591,3.3045
0.4594,3.1857
0.4598,3.2397
0.46,3.2613
0.4603,3.1533
0.4606,3.2397
0.461,3.2181
0.4613,3.1425
0.4615,3.2397
0.4618,3.1533
0.4621,3.1317
0.4624,3.2181
0.4628,3.1101
0.463,3.1317
0.4633,3.1749
0.4636,3.0561
0.4639,3.1317
0.4642,3.1317
0.4646,3.0453
0.4648,3.1425
0.4651,3.0777
0.4654,3.0345
0.4657,3.1209
0.466,3.0237
0.4664,3.0237
0.4666,3.0993
0.4669,2.9805
0.4673,3.0345
0.4675,3.0561
0.4678,2.9589
0.4681,3.0453
0.4685,3.0021
0.4688,2.9373
0.469,3.0345
0.4693,2.9589
0.4696,2.9265
0.4699,3.0129
0.4702,2.9049
0.4705,2.9373
0.4708,2.9805
0.4711,2.8725
0.4714,2.9481
0.4717,2.9373
0.472,2.8401
0.4723,2.9373
0.4726,2.8833
0.4729,2.8401
0.4732,2.9373
0.4735,2.8401
0.4738,2.8401
0.4741,2.9049
0.4744,2.7969
0.4747,2.8509
0.4751,2.8725
0.4754,2.7753
0.4756,2.8617
0.4759,2.8293
0.4762,2.7645
0.4765,2.8617
0.4769,2.7753
0.4771,2.7537
0.4774,2.8401
0.4777,2.7321
0.478,2.7645
0.4783,2.8185
0.4786,2.7105
0.479,2.7861
0.4792,2.7753
0.4795,2.6889
0.4798,2.7861
0.4801,2.7321
0.4805,2.6889
0.4808,2.7753
0.481,2.6889
0.4813,2.6889
0.4816,2.7537
0.4819,2.6457
0.4823,2.6997
0.4826,2.7213
0.4829,2.6349
0.4831,2.7105
0.4834,2.6781
0.4838,2.6241
0.4841,2.7105
0.4844,2.6349
0.4847,2.6133
0.4849,2.6889
0.4853,2.5917
0.4855,2.6241
0.4859,2.6673
0.4862,2.5701
0.4865,2.6457
0.4868,2.6349
0.4871,2.5593
0.4873,2.6457
0.4877,2.5917
0.488,2.5485
0.4883,2.6457
0.4886,2.5593
0.4888,2.5593
0.4891,2.6241
0.4895,2.5269
0.4898,2.5809
0.4901,2.5917
0.4904,2.5053
0.4907,2.5809
0.491,2.5593
0.4913,2.4945
0.4916,2.5917
0.4919,2.5161
0.4922,2.5053
0.4925,2.5701
0.4928,2.4837
0.4931,2.5161
0.4934,2.5485
0.4937,2.4621
0.4939,2.5269
0.4943,2.5269
0.4946,2.4513
0.4949,2.5377
0.4952,2.4837
0.4955,2.4513
0.4958,2.5377
0.4961,2.4513
0.4964,2.4621
0.4967,2.5269
0.497,2.4297
0.4973,2.4729
0.4976,2.4945
0.4979,2.4081
0.4982,2.4945
0.4985,2.4621
0.4988,2.4081
0.4991,2.4945
0.4994,2.4297
0.4997,2.4081
0.5,2.4837
0.5003,2.3973
0.5006,2.4297
0.5008,2.4729
0.5012,2.3758
0.5014,2.4513
0.5018,2.4513
0.5021,2.3758
0.5024,2.4621
0.5027,2.4081
0.503,2.3865
0.5032,2.4729
0.5036,2.3865
0.5039,2.3973
0.5042,2.4513
0.5045,2.365
0.5048,2.4081
0.505,2.4297
0.5054,2.3434
0.5057,2.4297
0.506,2.4081
0.5063,2.3542
0.5066,2.4405
0.5069,2.3758
0.5072,2.365
0.5075,2.4405
0.5078,2.3542
0.5081,2.3865
0.5083,2.4189
0.5087,2.3326
0.509,2.4081
0.5093,2.4081
0.5096,2.3326
0.5099,2.4297
0.5102,2.3758
0.5105,2.3542
0.5108,2.4405
0.5111,2.3542
0.5114,2.365
0.5117,2.4297
0.512,2.3326
0.5123,2.3865
0.5126,2.4081
0.5129,2.3218
0.5132,2.4081
0.5135,2.3865
0.5138,2.3434
0.5141,2.4297
0.5144,2.365
0.5147,2.3542
0.515,2.4297
0.5153,2.3434
0.5156,2.3758
0.5159,2.4189
0.5162,2.3326
0.5165,2.4081
0.5168,2.4081
0.5171,2.3434
0.5174,2.4297
0.5177,2.3865
0.518,2.3542
0.5183,2.4405
0.5186,2.365
0.5189,2.3865
0.5192,2.4513
0.5195,2.3542
0.5198,2.4189
0.5201,2.4297
0.5204,2.3542
0.5207,2.4405
0.521,2.4189
0.5213,2.3758
0.5216,2.4621
0.5219,2.3973
0.5222,2.3973
0.5225,2.4729
0.5228,2.3865
0.5231,2.4297
0.5234,2.4729
0.5237,2.3865
0.524,2.4621
0.5243,2.4621
0.5246,2.3973
0.5249,2.4945
0.5252,2.4513
0.5255,2.4297
0.5258,2.5053
0.5261,2.4297
0.5264,2.4405
0.5267,2.5161
0.527,2.4297
0.5273,2.4837
0.5276,2.5053
0.5279,2.4297
0.5282,2.5269
0.5285,2.5053
0.5288,2.4621
0.5291,2.5593
0.5294,2.4945
0.5297,2.4837
0.53,2.5701
0.5303,2.4837
0.5306,2.5269
0.5309,2.5701
0.5312,2.4837
0.5315,2.5701
0.5318,2.5809
0.5321,2.5053
0.5324,2.6025
0.5327,2.5593
0.533,2.5377
0.5333,2.6457
0.5336,2.5593
0.5339,2.5809
0.5342,2.6457
0.5345,2.5593
0.5348,2.6241
0.5351,2.6565
0.5354,2.5809
0.5357,2.6673
0.536,2.6565
0.5363,2.6133
0.5366,2.7105
0.5369,2.6457
0.5372,2.6457
0.5375,2.7321
0.5378,2.6457
0.5381,2.6997
0.5384,2.7429
0.5387,2.6565
0.539,2.7429
0.5393,2.7537
0.5396,2.6889
0.5399,2.7969
0.5402,2.7645
0.5405,2.7321
0.5408,2.8401
0.5411,2.7645
0.5414,2.7753
0.5417,2.8617
0.542,2.7645
0.5423,2.8293
0.5426,2.8725
0.5429,2.7861
0.5432,2.8941
0.5435,2.8833
0.5438,2.8293
0.5441,2.9373
0.5444,2.8833
0.5447,2.8725
0.545,2.9805
0.5453,2.8941
0.5456,2.9373
0.5459,3.0021
0.5462,2.9049
0.5465,3.0021
0.5468,3.0129
0.5471,2.9481
0.5474,3.0561
0.5477,3.0237
0.548,2.9913
0.5483,3.1101
0.5486,3.0345
0.5489,3.0453
0.5492,3.1425
0.5495,3.0453
0.5498,3.1209
0.5501,3.1641
0.5504,3.0777
0.5507,3.1857
0.551,3.1749
0.5513,3.1209
0.5516,3.2505
0.5519,3.1857
0.5522,3.1749
0.5525,3.2937
0.5528,3.1965
0.5531,3.2505
0.5534,3.326
0.5537,3.2289
0.554,3.326
0.5543,3.3476
0.5546,3.2613
0.5549,3.3908
0.5552,3.3584
0.5555,3.326
0.5558,3.4556
0.5561,3.38
0.5564,3.3908
0.5567,3.4988
0.557,3.4016
0.5573,3.4772
0.5576,3.5312
0.5579,3.4232
0.5582,3.5528
0.5585,3.5528
0.5588,3.488
0.5591,3.6176
0.5594,3.5636
0.5597,3.5528
0.56,3.6824
0.5603,3.596
0.5606,3.6392
0.5609,3.7364
0.5612,3.6284
0.5615,3.7256
0.5618,3.7688
0.5621,3.6716
0.5624,3.812
0.5627,3.7796
0.563,3.7364
0.5633,3.8876
0.5636,3.8012
0.5639,3.8228
0.5642,3.9416
0.5645,3.8336
0.5648,3.92
0.5651,3.9956
0.5654,3.8876
0.5657,4.0172
0.566,4.0172
0.5663,3.9416
0.5666,4.1036
0.5669,4.0496
0.5672,4.028
0.5675,4.1792
0.5678,4.0712
0.5681,4.1252
0.5684,4.2332
0.5687,4.1144
0.569,4.2332
0.5693,4.2872
0.5696,4.19
0.5699,4.3412
0.5702,4.3195
0.5705,4.2655
0.5708,4.4275
0.5711,4.3412
0.5714,4.3519
0.5717,4.4923
0.572,4.3843
0.5723,4.4815
0.5726,4.5679
0.5729,4.4383
0.5732,4.5895
0.5735,4.6111
0.5738,4.5247
0.5741,4.6975
0.5744,4.6327
0.5747,4.6111
0.575,4.7947
0.5753,4.6867
0.5756,4.7407
0.5759,4.8703
0.5762,4.7299
0.5765,4.8595
0.5768,4.9135
0.5771,4.8055
0.5774,4.9783
0.5777,4.9567
0.578,4.9027
0.5783,5.0971
0.5786,5.0107
0.5789,5.0215
0.5792,5.1834
0.5795,5.0539
0.5798,5.1511
0.5801,5.2591
0.5804,5.1294
0.5807,5.2914
0.581,5.3238
0.5813,5.2266
0.5816,5.4102
0.5819,5.367
0.5822,5.3346
0.5825,5.529
0.5828,5.421
0.5831,5.475
0.5834,5.6154
0.5837,5.4858
0.584,5.6154
0.5843,5.7018
0.5846,5.5722
0.5849,5.7558
0.5852,5.745
0.5855,5.6802
0.5858,5.8854
0.5861,5.799
0.5864,5.8098
0.5867,5.9934
0.587,5.8638
0.5873,5.9718
0.5876,6.1013
0.5879,5.9502
0.5882,6.1122
0.5885,6.1661
0.5888,6.0582
0.5891,6.2741
0.5894,6.2201
0.5897,6.1769
0.59,6.3929
0.5903,6.2849
0.5906,6.3389
0.5909,6.5117
0.5912,6.3605
0.5915,6.5009
0.5918,6.6089
0.5921,6.4685
0.5924,6.6737
0.5927,6.6845
0.593,6.5981
0.5933,6.8249
0.5936,6.7385
0.5939,6.7385
0.5942,6.9545
0.5945,6.8141
0.5948,6.9113
0.5951,7.0732
0.5954,6.9113
0.5957,7.0949
0.596,7.1597
0.5963,7.03
0.5966,7.2676
0.5969,7.2352
0.5972,7.1812
0.5975,7.4296
0.5978,7.3
0.5981,7.3432
0.5984,7.5592
0.5987,7.3972
0.599,7.5376
0.5993,7.6672
0.5996,7.4836
0.5999,7.7212
0.6002,7.7428
0.6005,7.6456
0.6008,7.9048
0.6011,7.8292
0.6015,7.8076
0.6017,8.0667
0.602,7.9156
0.6023,8.0127
0.6026,8.1963
0.6029,8.0127
0.6032,8.2071
0.6035,8.3043
0.6038,8.1639
0.6041,8.4123
0.6044,8.3799
0.6047,8.2935
0.605,8.5743
0.6053,8.4555
0.6056,8.4879
0.6059,8.7147
0.6062,8.5419
0.6065,8.6823
0.6068,8.8443
0.6071,8.6607
0.6074,8.8983
0.6077,8.9523
0.608,8.8227
0.6083,9.1142
0.6086,9.0386
0.6089,8.9954
0.6092,9.2654
0.6095,9.1142
0.6098,9.1898
0.6101,9.4166
0.6104,9.2438
0.6107,9.449
0.611,9.5678
0.6113,9.395
0.6116,9.665
0.612,9.6542
0.6122,9.557
0.6125,9.8485
0.6128,9.7298
0.6131,9.7406
0.6134,9.9998
0.6138,9.827
0.6141,9.9673
0.6143,10.1509
0.6147,9.9673
0.6149,10.2049
0.6152,10.2697
0.6156,10.1293
0.6159,10.4209
0.6162,10.3669
0.6164,10.3129
0.6167,10.6153
0.617,10.4641
0.6174,10.5397
0.6176,10.7881
0.6179,10.5829
0.6182,10.7772
0.6185,10.9177
0.6188,10.7341
0.6192,11.0148
0.6195,11.0257
0.6197,10.896
0.62,11.2092
0.6203,11.1012
0.6206,11.0904
0.6209,11.382
0.6212,11.2092
0.6216,11.3388
0.6218,11.5548
0.6221,11.3388
0.6224,11.5872
0.6228,11.6736
0.6231,11.5008
0.6234,11.8139
0.6236,11.7599
0.6239,11.6844
0.6243,12.0191
0.6245,11.8571
0.6249,11.9219
0.6251,12.1811
0.6254,11.9759
0.6257,12.1595
0.626,12.3215
0.6263,12.1055
0.6266,12.3971
0.6269,12.4295
0.6272,12.3107
0.6275,12.6563
0.6279,12.5483
0.6281,12.5159
0.6284,12.8183
0.6287,12.6239
0.629,12.7535
0.6293,12.991
0.6297,12.7535
0.63,13.0018
0.6302,13.0882
0.6306,12.9046
0.6309,13.2286
0.6311,13.1962
0.6315,13.099
0.6318,13.4446
0.6321,13.3042
0.6324,13.3474
0.6326,13.639
0.6329,13.4122
0.6333,13.585
0.6335,13.7577
0.6339,13.5418
0.6341,13.8333
0.6344,13.8657
0.6347,13.7038
0.635,14.0493
0.6354,13.9521
0.6356,13.9089
0.6359,14.2437
0.6362,14.0493
0.6365,14.1573
0.6369,14.4165
0.6372,14.1897
0.6374,14.4165
0.6377,14.5353
0.638,14.3193
0.6383,14.6324
0.6386,14.6001
0.639,14.4921
0.6392,14.8484
0.6395,14.6972
0.6399,14.7189
0.6402,15.0212
0.6405,14.7944
0.6408,14.9672
0.6411,15.1616
0.6414,14.924
0.6416,15.2156
0.642,15.2588
0.6423,15.086
0.6426,15.4532
0.6429,15.3668
0.6432,15.302
0.6434,15.6368
0.6438,15.4316
0.6441,15.5288
0.6444,15.8095
0.6447,15.5504
0.645,15.7663
0.6453,15.8959
0.6456,15.6799
0.6459,16.0147
0.6462,15.9931
0.6465,15.8527
0.6468,16.2199
0.6471,16.0687
0.6474,16.0795
0.6477,16.3927
0.648,16.1551
0.6483,16.3171
0.6486,16.5331
0.6489,16.2847
0.6492,16.5655
0.6495,16.6194
0.6498,16.4251
0.6501,16.7814
0.6504,16.695
0.6507,16.6194
0.651,16.965
0.6513,16.749
0.6516,16.8246
0.6519,17.0946
0.6522,16.8462
0.6525,17.073
0.6527,17.235
0.6531,16.9974
0.6534,17.3322
0.6537,17.3106
0.654,17.1702
0.6543,17.5374
0.6546,17.3754
0.6549,17.3646
0.6552,17.6777
0.6555,17.4185
0.6558,17.5697
0.6561,17.8073
0.6564,17.559
0.6567,17.8397
0.6569,17.9045
0.6573,17.6885
0.6575,18.0557
0.6579,17.9801
0.6582,17.8829
0.6584,18.2285
0.6588,18.0233
0.6591,18.0989
0.6594,18.3904
0.6597,18.1205
0.66,18.3365
0.6603,18.4984
0.6606,18.2501
0.6609,18.574
0.6612,18.5632
0.6615,18.4012
0.6618,18.7684
0.6621,18.6064
0.6624,18.6064
0.6627,18.9412
0.663,18.6928
0.6633,18.8116
0.6636,19.0492
0.6639,18.7684
0.6642,19.0492
0.6645,19.1248
0.6648,18.898
0.6651,19.2652
0.6654,19.1896
0.6657,19.0816
0.666,19.4488
0.6663,19.2328
0.6666,19.2868
0.6669,19.5675
0.6672,19.2976
0.6675,19.5136
0.6678,19.6755
0.6681,19.4271
0.6684,19.7511
0.6687,19.7403
0.669,19.5567
0.6693,19.9239
0.6696,19.7727
0.6699,19.7295
0.6701,20.0751
0.6705,19.8267
0.6708,19.9563
0.6711,20.2047
0.6714,19.9347
0.6717,20.2047
0.672,20.291
0.6723,20.0535
0.6726,20.399
0.6729,20.3127
0.6732,20.1939
0.6735,20.5394
0.6738,20.3343
0.6741,20.3775
0.6744,20.6798
0.6747,20.399
0.675,20.6042
0.6753,20.777
0.6756,20.5178
0.6759,20.831
0.6762,20.831
0.6765,20.6258
0.6768,20.993
0.6771,20.8418
0.6774,20.7986
0.6777,21.1334
0.678,20.8742
0.6783,20.9822
0.6786,21.209
0.6789,20.9066
0.6792,21.1766
0.6795,21.263
0.6798,21.0146
0.6801,21.3709
0.6804,21.2845
0.6807,21.1442
0.681,21.5113
0.6813,21.2954
0.6816,21.3277
0.6819,21.6301
0.6822,21.3385
0.6825,21.5221
0.6828,21.6733
0.6831,21.3709
0.6834,21.6841
0.6837,21.6733
0.684,21.4681
0.6843,21.8245
0.6846,21.6733
0.6849,21.6301
0.6852,21.9649
0.6855,21.6949
0.6858,21.8029
0.6861,22.0189
0.6864,21.6949
0.6867,21.9217
0.687,21.9973
0.6873,21.7381
0.6876,22.0837
0.6879,22.0081
0.6882,21.8569
0.6885,22.2133
0.6888,21.9865
0.6891,21.9973
0.6894,22.2889
0.6897,21.9973
0.69,22.1701
0.6903,22.3321
0.6906,22.0189
0.6909,22.3212
0.6912,22.3212
0.6915,22.0945
0.6918,22.4508
0.6921,22.2781
0.6924,22.2024
0.6927,22.548
0.693,22.2889
0.6933,22.3969
0.6936,22.6344
0.6939,22.3212
0.6942,22.548
0.6945,22.6128
0.6948,22.3321
0.6951,22.6668
0.6954,22.5804
0.6957,22.4292
0.696,22.7964
0.6963,22.602
0.6966,22.6236
0.6969,22.9152
0.6972,22.5912
0.6975,22.7532
0.6978,22.9152
0.6981,22.6128
0.6984,22.9044
0.6987,22.9044
0.699,22.6884
0.6993,23.0448
0.6996,22.8828
0.6999,22.8072
0.7002,23.1528
0.7005,22.8828
0.7008,22.98
0.7011,23.2283
0.7014,22.9152
0.7017,23.1528
0.702,23.2283
0.7023,22.9368
0.7026,23.2823
0.7029,23.196
0.7032,23.034
0.7035,23.3903
0.7038,23.1636
0.7041,23.1851
0.7044,23.4875
0.7047,23.1743
0.705,23.3363
0.7053,23.4983
0.7056,23.196
0.7059,23.4875
0.7062,23.4767
0.7065,23.2608
0.7068,23.6279
0.7071,23.4659
0.7074,23.3903
0.7077,23.7359
0.708,23.4551
0.7083,23.5415
0.7086,23.7683
0.7089,23.4443
0.7092,23.6819
0.7095,23.7683
0.7098,23.4983
0.7101,23.8223
0.7104,23.7359
0.7107,23.5739
0.711,23.9303
0.7113,23.7143
0.7116,23.7035
0.7119,23.9951
0.7122,23.6927
0.7125,23.8655
0.7128,24.0383
0.7131,23.7251
0.7134,24.0275
0.7137,24.0275
0.714,23.7791
0.7143,24.1355
0.7146,23.9735
0.7149,23.8979
0.7152,24.2435
0.7155,23.9519
0.7158,24.0275
0.7161,24.265
0.7164,23.9411
0.7167,24.1678
0.717,24.2435
0.7173,23.9519
0.7176,24.2758
0.7179,24.2002
0.7182,24.0383
0.7185,24.427
0.7188,24.211
0.7191,24.211
0.7194,24.4918
0.7197,24.1678
0.72,24.319
0.7203,24.481
0.7206,24.157
0.7209,24.4486
0.7212,24.4594
0.7215,24.2326
0.7218,24.589
0.7221,24.427
0.7224,24.319
0.7227,24.6538
0.723,24.3838
0.7233,24.4702
0.7236,24.7078
0.7239,24.3838
0.7242,24.5998
0.7245,24.6862
0.7248,24.4054
0.7251,24.751
0.7254,24.6646
0.7257,24.5026
0.726,24.8698
0.7263,24.643
0.7266,24.6322
0.7269,24.9238
0.7272,24.6106
0.7275,24.751
0.7278,24.913
0.7281,24.6106
0.7284,24.913
0.7287,24.9022
0.729,24.6538
0.7293,24.9994
0.7296,24.8482
0.7299,24.7618
0.7302,25.1074
0.7305,24.8266
0.7308,24.9022
0.7311,25.1505
0.7314,24.8266
0.7317,25.0534
0.732,25.1289
0.7323,24.8374
0.7326,25.1722
0.7329,25.0966
0.7332,24.9238
0.7335,25.2909
0.7338,25.0534
0.7341,25.0426
0.7344,25.3449
0.7347,25.0209
0.735,25.1829
0.7353,25.3557
0.7356,25.0426
0.7359,25.3341
0.7362,25.3557
0.7365,25.1182
0.7368,25.4745
0.7371,25.3017
0.7374,25.2045
0.7377,25.5501
0.738,25.2801
0.7383,25.3665
0.7386,25.6149
0.7389,25.2801
0.7392,25.5069
0.7395,25.6149
0.7399,25.3341
0.7401,25.6797
0.7404,25.5933
0.7407,25.4097
0.741,25.7661
0.7413,25.5501
0.7417,25.5501
0.7419,25.8633
0.7422,25.5501
0.7425,25.7121
0.7428,25.8849
0.7431,25.5717
0.7434,25.8633
0.7437,25.8741
0.744,25.6365
0.7443,26.0036
0.7446,25.8525
0.7449,25.7769
0.7452,26.1332
0.7455,25.8741
0.7458,25.9605
0.7461,26.2088
0.7464,25.8849
0.7467,26.1116
0.747,26.2196
0.7473,25.9389
0.7476,26.2844
0.7479,26.2088
0.7482,26.0361
0.7485,26.414
0.7488,26.2088
0.7492,26.2088
0.7494,26.5328
0.7497,26.2196
0.75,26.3816
0.7503,26.5652
0.7506,26.252
0.7509,26.5544
0.7512,26.5868
0.7515,26.3708
0.7518,26.7596
0.7521,26.6192
0.7525,26.522
0.7527,26.8783
0.753,26.6084
0.7533,26.7056
0.7536,26.9971
0.754,26.684
0.7542,26.9215
0.7545,27.0295
0.7548,26.7596
0.7551,27.1159
0.7554,27.062
0.7558,26.8892
0.756,27.2887
0.7563,27.1051
0.7566,27.1159
0.7569,27.4507
0.7572,27.1591
0.7575,27.3319
0.7578,27.5263
0.7582,27.2347
0.7584,27.5695
0.7587,27.6235
0.759,27.4075
0.7593,27.8071
0.7596,27.6991
0.7599,27.6235
0.7602,28.0015
0.7605,27.7531
0.7608,27.8502
0.7611,28.1418
0.7615,27.8502
0.7617,28.1094
0.762,28.2606
0.7623,28.0015
0.7626,28.3686
0.7629,28.347
0.7633,28.2066
0.7635,28.617
0.7638,28.4334
0.7641,28.4442
0.7644,28.8114
0.7648,28.5522
0.7651,28.7574
0.7653,28.9949
0.7656,28.725
0.7662,29.0489
0.7668,29.1245
0.7671,28.9409
0.7671,29.3837
0.7674,29.2973
0.7677,29.2325
0.768,29.6213
0.7683,29.4053
0.7686,29.5241
0.7689,29.8588
0.7692,29.5997
0.7695,29.8913
0.7699,30.0748
0.7702,29.8481
0.7705,30.2584
0.7708,30.2692
0.7711,30.1504
0.7714,30.604
0.7717,30.4636
0.772,30.496
0.7723,30.9063
0.7726,30.6688
0.7729,30.8847
0.7732,31.1763
0.7735,30.9387
0.7738,31.3059
0.7741,31.4247
0.7744,31.2627
0.7747,31.7487
0.775,31.7162
0.7753,31.6947
0.7756,32.1806
0.776,32.0186
0.7763,32.159
0.7766,32.5262
0.7769,32.2886
0.7772,32.6234
0.7775,32.8933
0.7778,32.7206
0.7781,33.1957
0.7784,33.3037
0.7787,33.2389
0.779,33.7572
0.7793,33.6816
0.7796,33.7572
0.7799,34.2216
0.7802,34.0488
0.7805,34.3404
0.7805,34.7291
0.7811,34.578
0.7814,35.0315
0.7818,35.2583
0.7821,35.1395
0.7824,35.712
0.7824,35.7983
0.7827,35.8631
0.783,36.4246
0.7836,36.3489
0.7839,36.5973
0.7842,37.1263
0.7842,37.051
0.7848,37.5152
0.7848,37.9147
0.7851,37.8609
0.7854,38.4547
0.7857,38.6925
0.7863,38.7573
0.7866,39.4483
0.7866,39.5778
0.7869,39.8585
0.7872,40.5605
0.7876,40.6253
0.7879,41.1005
0.7882,41.7159
0.7888,41.7916
0.7891,42.4827
0.7891,43.012
0.7894,43.1847
0.7897,44.0269
0.79,44.448
0.7903,44.8263
0.7906,45.7764
0.7909,46.1543
0.7915,46.8132
0.7915,47.7958
0.7918,48.1628
0.7921,49.0701
0.7924,50.0202
0.7927,50.528
0.793,51.6943
0.7933,52.6012
0.7937,53.3355
0.794,54.7396
0.7943,55.6575
0.7946,56.7155
0.7949,58.2597
0.7952,59.2208
0.7955,60.5924
0.7958,62.2013
0.7961,63.3029
0.7964,65.0308
0.7967,66.6507
0.797,67.925
0.7973,69.8362
0.7976,71.3372
0.7979,72.7304
0.7982,74.6525
0.7985,75.9268
0.7988,77.3521
0.7991,78.9936
0.7995,79.8577
0.7998,81.0237
0.7998,82.0173
0.8001,82.2657
0.8007,82.8705
0.801,82.8921
0.8013,82.3846
0.8016,82.1469
0.8016,81.0778
0.8022,79.8036
0.8022,78.6805
0.8025,76.672
0.8028,74.8146
0.8034,72.903
0.8037,70.3224
0.804,68.2166
0.804,65.8514
0.8046,63.1302
0.8046,61.0244
0.8053,58.4975
0.8056,56.0244
0.8059,54.1023
0.8062,51.7049
0.8062,49.6964
0.8065,48.0011
0.8068,45.8305
0.8071,44.2753
0.8074,42.7205
0.808,40.8737
0.8083,39.7074
0.8086,38.2495
0.8086,36.77
0.8089,35.8846
0.8092,34.5024
0.8095,33.4009
0.8098,32.6449
0.8101,31.3707
0.8107,30.5824
0.811,29.8373
0.811,28.7034
0.8114,28.1742
0.8117,27.3859
0.812,26.4356
0.8123,26.0361
0.8126,25.1937
0.8129,24.5134
0.8132,24.1895
0.8135,23.3471
0.8138,22.9044
0.8141,22.548
0.8144,21.7489
0.8147,21.4789
0.8147,21.0038
0.8153,20.3127
0.8156,20.1507
0.8159,19.5891
0.8159,19.0708
0.8162,18.952
0.8165,18.3365
0.8168,18.0125
0.8172,17.8505
0.8175,17.235
0.8178,17.073
0.8184,16.803
0.8184,16.2739
0.8187,16.2091
0.819,15.8203
0.8193,15.3992
0.8196,15.3884
0.8199,14.924
0.8202,14.6649
0.8205,14.6217
0.8208,14.1357
0.8211,14.0277
0.8214,13.8981
0.8217,13.4446
0.822,13.4338
0.8223,13.1854
0.8226,12.8291
0.823,12.8614
0.8233,12.5159
0.8236,12.2891
0.8239,12.3107
0.8242,11.9111
0.8245,11.8247
0.8248,11.7708
0.8251,11.3712
0.8254,11.382
0.8257,11.22
0.826,10.9069
0.8263,10.9717
0.8266,10.7232
0.8269,10.5073
0.8272,10.5721
0.8275,10.2481
0.8278,10.1617
0.8281,10.1617
0.8284,9.827
0.8287,9.8485
0.8291,9.7622
0.8294,9.4706
0.8297,9.5462
0.83,9.3626
0.8303,9.1466
0.8306,9.233
0.8306,8.9846
0.8312,8.8875
0.8315,8.9306
0.8315,8.6607
0.8321,8.6607
0.8324,8.6283
0.8327,8.3691
0.833,8.4339
0.8333,8.3151
0.8336,8.1207
0.8336,8.2071
0.8342,8.0236
0.8342,7.9048
0.8349,7.9804
0.8352,7.7428
0.8355,7.7212
0.8355,7.732
0.8358,7.4944
0.8361,7.5592
0.8364,7.5052
0.8367,7.3108
0.837,7.3972
0.8373,7.2568
0.8379,7.1272
0.8379,7.2136
0.8382,7.03
0.8385,6.9869
0.8388,7.03
0.8391,6.8249
0.8394,6.8573
0.8397,6.8465
0.84,6.6521
0.8403,6.7385
0.8407,6.6521
0.841,6.5225
0.8413,6.6197
0.8416,6.4577
0.8419,6.3929
0.8422,6.4685
0.8425,6.2957
0.8428,6.3065
0.8431,6.3173
0.8434,6.1338
0.8437,6.1985
0.844,6.1553
0.8443,6.0258
0.8446,6.123
0.8449,6.0042
0.8452,5.9286
0.8455,6.015
0.8458,5.8638
0.8461,5.853
0.8464,5.8962
0.8468,5.7342
0.8471,5.7774
0.8474,5.7666
0.8477,5.6262
0.848,5.7126
0.8483,5.6478
0.8486,5.5506
0.8489,5.6478
0.8492,5.5182
0.8495,5.4966
0.8498,5.5506
0.8501,5.4102
0.8504,5.4426
0.8507,5.4642
0.8507,5.3238
0.851,5.3994
0.8516,5.3562
0.8519,5.2482
0.8522,5.3346
0.8526,5.2482
0.8529,5.1942
0.8532,5.2806
0.8535,5.1619
0.8538,5.1619
0.8541,5.2051
0.8544,5.0755
0.8547,5.1403
0.855,5.1294
0.8553,5.0107
0.8553,5.0971
0.8556,5.0323
0.8562,4.9675
0.8562,5.0539
0.8565,4.9459
0.8571,4.9243
0.8574,4.9891
0.8577,4.8703
0.8577,4.9135
0.858,4.9351
0.8584,4.8163
0.8587,4.8919
0.859,4.8595
0.8593,4.7731
0.8596,4.8595
0.8599,4.7839
0.8602,4.7515
0.8605,4.8271
0.8608,4.7299
0.8611,4.7407
0.8614,4.7731
0.862,4.6651
0.8623,4.7191
0.8623,4.7191
0.8626,4.6327
0.8629,4.7083
0.8632,4.6651
0.8635,4.6219
0.8638,4.6975
0.8641,4.6111
0.8645,4.6003
0.8648,4.6543
0.8651,4.5571
0.8654,4.6003
0.8657,4.6219
0.866,4.5355
0.8663,4.6003
0.8666,4.5787
0.8669,4.5139
0.8672,4.5895
0.8675,4.5247
0.8672,4.4491
0.8669,3.9848
0.8666,2.8185
0.8663,1.5118
0.866,0.2376
0.8657,-0.9503
0.8654,-1.6954
0.8651,-2.257
0.8648,-2.6889
0.8645,-2.8077
0.8641,-2.9697
0.8638,-3.0777
0.8635,-3.0453
0.8632,-3.1749
0.8629,-3.2181
0.8626,-3.2073
0.8623,-3.3476
0.8623,-3.3476
0.862,-3.38
0.8614,-3.5204
0.8611,-3.4988
0.8608,-3.5636
0.8605,-3.6716
0.8602,-3.6284
0.8599,-3.7364
0.8596,-3.812
0.8593,-3.7688
0.859,-3.9092
0.8587,-3.92
0.8584,-3.92
0.858,-4.0496
0.8577,-4.0172
0.8574,-4.0604
0.8574,-4.1792
0.8571,-4.1252
0.8568,-4.2116
0.8562,-4.2872
0.8559,-4.2439
0.8556,-4.3627
0.8553,-4.3951
0.855,-4.3627
0.855,-4.5139
0.8547,-4.4923
0.8544,-4.5031
0.8541,-4.6327
0.8538,-4.5895
0.8535,-4.6435
0.8532,-4.7623
0.8529,-4.6867
0.8526,-4.7947
0.8522,-4.8595
0.8519,-4.7947
0.8513,-4.9351
0.851,-4.9459
0.8507,-4.9243
0.8507,-5.0755
0.8504,-5.0431
0.8501,-5.0755
0.8498,-5.2051
0.8495,-5.1403
0.8492,-5.2159
0.8489,-5.3131
0.8486,-5.2374
0.8483,-5.367
0.848,-5.4102
0.8477,-5.367
0.8474,-5.529
0.8471,-5.5074
0.8468,-5.4966
0.8464,-5.6586
0.8461,-5.5938
0.8458,-5.6586
0.8455,-5.7882
0.8452,-5.7018
0.8449,-5.8206
0.8446,-5.8962
0.8443,-5.8206
0.844,-5.9826
0.8437,-5.9934
0.8434,-5.9718
0.8431,-6.1446
0.8428,-6.1013
0.8425,-6.1338
0.8422,-6.2957
0.8419,-6.2201
0.8416,-6.3173
0.8413,-6.4253
0.841,-6.3497
0.8407,-6.5009
0.8403,-6.5549
0.84,-6.4901
0.8397,-6.6845
0.8394,-6.6737
0.8391,-6.6629
0.8388,-6.8681
0.8385,-6.8033
0.8382,-6.8573
0.8379,-7.0192
0.8376,-6.9329
0.8373,-7.0625
0.837,-7.1705
0.8367,-7.084
0.8364,-7.2892
0.8361,-7.3216
0.8358,-7.2785
0.8355,-7.4944
0.8355,-7.462
0.8352,-7.4728
0.8345,-7.6996
0.8342,-7.6132
0.8339,-7.7212
0.8336,-7.8832
0.8336,-7.7968
0.8333,-7.9696
0.833,-8.0776
0.8327,-8.0019
0.8321,-8.2287
0.8318,-8.2395
0.8315,-8.2287
0.8312,-8.4771
0.8309,-8.4123
0.8309,-8.4879
0.8306,-8.7147
0.8303,-8.6175
0.83,-8.7795
0.8297,-8.9523
0.8294,-8.8443
0.8291,-9.0818
0.8287,-9.1682
0.8284,-9.1142
0.8281,-9.4058
0.8278,-9.4058
0.8275,-9.4274
0.8272,-9.719
0.8269,-9.6326
0.8266,-9.7514
0.8263,-9.989
0.826,-9.8918
0.8257,-10.1185
0.8254,-10.2913
0.8251,-10.2157
0.8248,-10.5073
0.8245,-10.5829
0.8242,-10.5721
0.8239,-10.9177
0.8236,-10.8852
0.8233,-10.95
0.823,-11.2848
0.8226,-11.2092
0.8223,-11.4036
0.822,-11.6844
0.8217,-11.5872
0.8214,-11.8787
0.8211,-12.0623
0.8208,-12.0083
0.8205,-12.3863
0.8202,-12.4619
0.8199,-12.4835
0.8196,-12.9046
0.8193,-12.8831
0.819,-13.0342
0.8187,-13.4014
0.8184,-13.3258
0.8181,-13.6174
0.8178,-13.9197
0.8175,-13.8549
0.8172,-14.2437
0.8168,-14.4489
0.8165,-14.4489
0.8162,-14.924
0.8159,-15.0104
0.8156,-15.1184
0.8156,-15.6151
0.815,-15.6259
0.8147,-15.8851
0.8144,-16.3387
0.8141,-16.3171
0.8138,-16.7274
0.8138,-17.0838
0.8135,-17.073
0.8132,-17.613
0.8129,-17.8613
0.8126,-17.9585
0.8123,-18.574
0.812,-18.7252
0.8117,-18.9736
0.8114,-19.5891
0.811,-19.6647
0.8107,-20.0859
0.8104,-20.6474
0.8101,-20.7122
0.8098,-21.2954
0.8095,-21.7705
0.8092,-21.9217
0.8089,-22.656
0.8086,-23.034
0.8083,-23.3039
0.8083,-24.103
0.8077,-24.3838
0.8074,-24.859
0.8071,-25.7013
0.8068,-25.9713
0.8065,-26.6624
0.8062,-27.4399
0.8059,-27.7207
0.8059,-28.6062
0.8053,-29.2973
0.8049,-29.7077
0.8046,-30.7443
0.8043,-31.3923
0.804,-32.051
0.8037,-33.2389
0.8037,-33.8652
0.8034,-34.74
0.8031,-35.9494
0.8025,-36.5973
0.8022,-37.7636
0.8019,-38.9947
0.8016,-39.7721
0.8013,-41.2084
0.8013,-42.4179
0.801,-43.4331
0.8007,-45.1175
0.8001,-46.3485
0.7998,-47.6879
0.7995,-49.5669
0.7991,-50.8843
0.7991,-52.6012
0.7988,-54.6097
0.7985,-56.0892
0.7982,-58.1844
0.7979,-60.247
0.7976,-61.9639
0.797,-64.426
0.797,-66.6182
0.7967,-68.7346
0.7964,-71.4993
0.7961,-73.7562
0.7958,-76.2399
0.7955,-79.1557
0.7952,-81.4452
0.7949,-84.1663
0.7946,-86.9742
0.7943,-89.1879
0.794,-91.92
0.7937,-94.2958
0.7933,-96.1638
0.793,-98.3992
0.7927,-99.8033
0.7924,-100.7965
0.7921,-101.7902
0.7918,-101.5849
0.7915,-101.0449
0.7912,-100.0513
0.7909,-97.7728
0.7906,-95.408
0.7903,-92.3843
0.79,-88.4752
0.7897,-84.89
0.7894,-80.7215
0.7891,-76.4126
0.7888,-72.7951
0.7885,-68.8213
0.7882,-65.3546
0.7879,-62.5686
0.7876,-59.4802
0.7872,-57.2449
0.7869,-55.3659
0.7866,-53.2491
0.7866,-52.0074
0.7863,-50.6684
0.7857,-49.2427
0.7854,-48.5732
0.7851,-47.4933
0.7848,-46.5648
0.7845,-46.1543
0.7842,-45.1716
0.7842,-44.621
0.7839,-44.2969
0.7836,-43.379
0.783,-43.0768
0.7827,-42.6447
0.7824,-41.8673
0.7821,-41.77
0.7818,-41.2732
0.7818,-40.7116
0.7814,-40.701
0.7811,-40.0962
0.7805,-39.7505
0.7805,-39.7183
0.7799,-39.0594
0.7799,-38.8974
0.7796,-38.7463
0.7793,-38.12
0.779,-38.1631
0.7787,-37.9041
0.7781,-37.4395
0.7781,-37.5694
0.7775,-37.1483
0.7775,-36.8241
0.7772,-36.9321
0.7769,-36.403
0.7766,-36.2626
0.7763,-36.2519
0.776,-35.7226
0.7756,-35.7983
0.7753,-35.6904
0.775,-35.2367
0.7747,-35.431
0.7744,-35.1503
0.7741,-34.8263
0.7738,-35.0099
0.7735,-34.5887
0.7732,-34.416
0.7729,-34.5347
0.7726,-34.0488
0.7723,-34.1136
0.772,-34.1244
0.7717,-33.6708
0.7714,-33.8328
0.7711,-33.6493
0.7708,-33.2821
0.7705,-33.5305
0.7702,-33.2281
0.7699,-33.0445
0.7695,-33.2605
0.7692,-32.8285
0.7689,-32.8285
0.7686,-32.9365
0.7683,-32.483
0.768,-32.6234
0.7677,-32.5586
0.7674,-32.1806
0.7671,-32.4506
0.7668,-32.2238
0.7665,-31.9862
0.7662,-32.2346
0.7656,-31.8674
0.7653,-31.8027
0.765,-31.997
0.7647,-31.5867
0.7644,-31.6947
0.7641,-31.7379
0.7638,-31.3491
0.7635,-31.5759
0.7632,-31.4355
0.7629,-31.1331
0.7626,-31.4247
0.7623,-31.1655
0.762,-31.0359
0.7617,-31.2843
0.7614,-30.8847
0.7611,-30.9279
0.7608,-31.0575
0.7605,-30.658
0.7602,-30.8523
0.7599,-30.82
0.7596,-30.4744
0.7593,-30.7552
0.759,-30.5608
0.7587,-30.3664
0.7584,-30.6472
0.7581,-30.3232
0.7578,-30.3016
0.7575,-30.5068
0.7572,-30.1288
0.7569,-30.28
0.7566,-30.3664
0.7563,-29.9992
0.756,-30.2368
0.7557,-30.1288
0.7554,-29.8481
0.7551,-30.1612
0.7548,-29.8913
0.7545,-29.7941
0.7542,-30.0532
0.7539,-29.6861
0.7536,-29.7616
0.7533,-29.9021
0.753,-29.5133
0.7527,-29.7401
0.7524,-29.7293
0.7521,-29.4161
0.7518,-29.7293
0.7515,-29.5457
0.7512,-29.3729
0.7509,-29.6645
0.7506,-29.3513
0.7503,-29.3297
0.75,-29.5565
0.7497,-29.1893
0.7494,-29.3405
0.7491,-29.3945
0.7488,-29.0489
0.7485,-29.3189
0.7482,-29.2325
0.7479,-28.9841
0.7476,-29.3081
0.7473,-29.0597
0.747,-28.9841
0.7467,-29.2541
0.7464,-28.8869
0.7461,-28.9517
0.7458,-29.1029
0.7455,-28.7466
0.7452,-28.9841
0.7449,-28.9625
0.7446,-28.6602
0.7443,-28.9841
0.744,-28.8114
0.7437,-28.6386
0.7434,-28.9517
0.7431,-28.6494
0.7428,-28.6386
0.7425,-28.8437
0.7422,-28.4766
0.7419,-28.671
0.7416,-28.7574
0.7413,-28.4118
0.741,-28.6926
0.7407,-28.5846
0.7404,-28.347
0.7401,-28.671
0.7398,-28.4334
0.7395,-28.3578
0.7392,-28.6278
0.7389,-28.2714
0.7386,-28.3578
0.7383,-28.5198
0.738,-28.1634
0.7377,-28.401
0.7374,-28.401
0.7371,-28.0986
0.7368,-28.4118
0.7365,-28.2282
0.7362,-28.0662
0.7359,-28.3794
0.7356,-28.077
0.7353,-28.0878
0.735,-28.3146
0.7347,-27.9582
0.7344,-28.1418
0.7341,-28.2174
0.7337,-27.8719
0.7335,-28.1526
0.7332,-28.0554
0.7329,-27.8395
0.7326,-28.1634
0.7323,-27.915
0.7319,-27.8502
0.7317,-28.1094
0.7314,-27.7639
0.7311,-27.8611
0.7308,-28.0015
0.7305,-27.6667
0.7301,-27.8935
0.7299,-27.8935
0.7295,-27.6235
0.7293,-27.9259
0.729,-27.7531
0.7287,-27.6127
0.7283,-27.915
0.728,-27.6451
0.7277,-27.6775
0.7275,-27.8827
0.7272,-27.5155
0.7269,-27.6775
0.7266,-27.7423
0.7263,-27.4183
0.726,-27.7099
0.7257,-27.6235
0.7254,-27.4075
0.7251,-27.7315
0.7247,-27.5047
0.7244,-27.4615
0.7242,-27.7423
0.7239,-27.3859
0.7236,-27.4723
0.7232,-27.6127
0.7229,-27.2455
0.7226,-27.5047
0.7224,-27.4831
0.722,-27.2131
0.7218,-27.5479
0.7214,-27.3859
0.7211,-27.2671
0.7209,-27.5803
0.7206,-27.2563
0.7202,-27.2563
0.72,-27.4507
0.7196,-27.0835
0.7193,-27.2671
0.7191,-27.3427
0.7188,-27.0188
0.7185,-27.3319
0.7182,-27.2347
0.7178,-27.0295
0.7176,-27.3535
0.7173,-27.0943
0.717,-27.0403
0.7167,-27.3319
0.7164,-26.9971
0.716,-27.1051
0.7158,-27.2455
0.7154,-26.8892
0.7152,-27.1268
0.7149,-27.1051
0.7146,-26.8352
0.7142,-27.1591
0.7139,-26.9755
0.7136,-26.846
0.7134,-27.1591
0.7131,-26.8676
0.7128,-26.9
0.7124,-27.1051
0.7121,-26.7272
0.7119,-26.9
0.7116,-26.954
0.7113,-26.63
0.711,-26.9432
0.7106,-26.846
0.7103,-26.6408
0.7101,-26.9648
0.7098,-26.7164
0.7095,-26.6624
0.7092,-26.9215
0.7088,-26.576
0.7086,-26.684
0.7083,-26.8244
0.708,-26.4788
0.7077,-26.7272
0.7074,-26.7164
0.707,-26.4356
0.7068,-26.7488
0.7065,-26.5652
0.7061,-26.4356
0.7059,-26.7272
0.7055,-26.4248
0.7052,-26.4356
0.7049,-26.6408
0.7046,-26.2844
0.7044,-26.4788
0.7041,-26.5436
0.7037,-26.2196
0.7034,-26.5112
0.7031,-26.414
0.7028,-26.198
0.7026,-26.5112
0.7023,-26.2412
0.7019,-26.1872
0.7016,-26.4464
0.7013,-26.1008
0.7011,-26.2196
0.7008,-26.3492
0.7004,-25.9929
0.7001,-26.2412
0.6998,-26.2088
0.6995,-25.9496
0.6992,-26.2628
0.6989,-26.0576
0.6986,-25.9173
0.6983,-26.198
0.698,-25.8956
0.6977,-25.9281
0.6974,-26.1224
0.6971,-25.7553
0.6968,-25.9281
0.6965,-25.9821
0.6962,-25.6689
0.6959,-25.9713
0.6957,-25.8525
0.6954,-25.6473
0.6951,-25.9389
0.6947,-25.6797
0.6944,-25.6257
0.6941,-25.8741
0.6938,-25.5285
0.6936,-25.6473
0.6933,-25.7769
0.6929,-25.4313
0.6926,-25.6797
0.6923,-25.6473
0.692,-25.3557
0.6918,-25.6473
0.6915,-25.4313
0.6911,-25.3017
0.6908,-25.5933
0.6905,-25.2693
0.6902,-25.3017
0.69,-25.4961
0.6896,-25.1505
0.6893,-25.3449
0.6891,-25.3773
0.6887,-25.0534
0.6884,-25.3233
0.6881,-25.1937
0.6878,-24.9994
0.6876,-25.2909
0.6872,-25.0102
0.6869,-24.9454
0.6867,-25.1829
0.6864,-24.8482
0.686,-24.9778
0.6857,-25.0966
0.6854,-24.751
0.6851,-24.9778
0.6849,-24.9238
0.6845,-24.6538
0.6842,-24.9669
0.6839,-24.751
0.6836,-24.5998
0.6833,-24.8806
0.683,-24.5566
0.6828,-24.5998
0.6824,-24.7942
0.6821,-24.427
0.6818,-24.6106
0.6816,-24.6322
0.6812,-24.3082
0.6809,-24.589
0.6806,-24.4594
0.6803,-24.2326
0.6801,-24.5242
0.6797,-24.2435
0.6794,-24.1895
0.6792,-24.4054
0.6788,-24.049
0.6785,-24.1678
0.6782,-24.2866
0.6779,-23.9411
0.6776,-24.1895
0.6774,-24.1462
0.677,-23.8655
0.6767,-24.1462
0.6764,-23.9303
0.6761,-23.7899
0.6758,-24.0599
0.6755,-23.7251
0.6752,-23.7575
0.6749,-23.9303
0.6746,-23.5631
0.6743,-23.7467
0.674,-23.7575
0.6737,-23.4335
0.6734,-23.7035
0.6731,-23.5523
0.6728,-23.3471
0.6725,-23.6495
0.6722,-23.3579
0.6719,-23.3039
0.6716,-23.5199
0.6713,-23.1636
0.671,-23.2823
0.6707,-23.3795
0.6704,-23.034
0.6701,-23.2608
0.6698,-23.1743
0.6695,-22.8936
0.6692,-23.1851
0.6689,-22.9584
0.6686,-22.8396
0.6683,-23.088
0.668,-22.7532
0.6677,-22.7964
0.6674,-22.9476
0.6671,-22.5912
0.6668,-22.764
0.6665,-22.7748
0.6662,-22.4616
0.6659,-22.7208
0.6656,-22.548
0.6653,-22.3429
0.665,-22.6128
0.6647,-22.3429
0.6644,-22.3104
0.6641,-22.5264
0.6638,-22.1593
0.6635,-22.2456
0.6632,-22.3212
0.6629,-21.9757
0.6626,-22.2133
0.6623,-22.1484
0.662,-21.8677
0.6617,-22.1269
0.6614,-21.8893
0.6611,-21.7705
0.6608,-22.0189
0.6605,-21.6841
0.6602,-21.7273
0.6599,-21.8677
0.6596,-21.5113
0.6593,-21.6949
0.659,-21.6841
0.6587,-21.3602
0.6584,-21.6085
0.6581,-21.4357
0.6578,-21.2414
0.6575,-21.5113
0.6572,-21.2197
0.6569,-21.1766
0.6566,-21.3709
0.6563,-21.0038
0.656,-21.1226
0.6557,-21.1874
0.6554,-20.8418
0.6551,-21.0686
0.6548,-20.9714
0.6545,-20.7014
0.6542,-20.9606
0.6539,-20.7122
0.6536,-20.5934
0.6533,-20.831
0.653,-20.507
0.6527,-20.561
0.6524,-20.7014
0.6521,-20.3343
0.6518,-20.4962
0.6515,-20.453
0.6512,-20.1399
0.6509,-20.3883
0.6506,-20.2155
0.6503,-20.0211
0.65,-20.2803
0.6497,-19.9887
0.6494,-19.9671
0.6491,-20.1507
0.6488,-19.7943
0.6485,-19.9023
0.6482,-19.9347
0.6479,-19.5999
0.6476,-19.8159
0.6473,-19.6971
0.647,-19.4703
0.6467,-19.7295
0.6464,-19.4703
0.6461,-19.3623
0.6458,-19.5675
0.6455,-19.2328
0.6452,-19.2868
0.6449,-19.3839
0.6446,-19.0384
0.6443,-19.2112
0.644,-19.168
0.6437,-18.8656
0.6434,-19.1032
0.6431,-18.9088
0.6428,-18.7468
0.6425,-18.9844
0.6422,-18.6928
0.6419,-18.6712
0.6416,-18.8224
0.6413,-18.4552
0.641,-18.574
0.6407,-18.6064
0.6404,-18.2717
0.6401,-18.4877
0.6398,-18.3581
0.6395,-18.1205
0.6392,-18.3689
0.6389,-18.1097
0.6386,-18.0125
0.6383,-18.1961
0.638,-17.8613
0.6377,-17.9369
0.6374,-18.0341
0.6371,-17.6885
0.6368,-17.8613
0.6365,-17.7965
0.6362,-17.505
0.6359,-17.7425
0.6356,-17.5374
0.6353,-17.3754
0.635,-17.5913
0.6347,-17.289
0.6344,-17.289
0.6341,-17.4185
0.6338,-17.073
0.6335,-17.1918
0.6332,-17.1918
0.6329,-16.8678
0.6326,-17.0838
0.6323,-16.9542
0.632,-16.749
0.6317,-16.9758
0.6314,-16.7166
0.6311,-16.641
0.6308,-16.8138
0.6305,-16.4898
0.6302,-16.5438
0.6299,-16.6086
0.6296,-16.2739
0.6293,-16.4358
0.629,-16.3711
0.6287,-16.1119
0.6284,-16.3387
0.6281,-16.1335
0.6278,-15.9931
0.6275,-16.1875
0.6272,-15.8959
0.6269,-15.8959
0.6266,-16.0039
0.6263,-15.6691
0.626,-15.7879
0.6257,-15.7663
0.6254,-15.4856
0.6251,-15.6799
0.6248,-15.5288
0.6245,-15.3344
0.6242,-15.5504
0.6239,-15.2912
0.6236,-15.2264
0.6233,-15.3884
0.623,-15.0536
0.6227,-15.1292
0.6224,-15.1832
0.6221,-14.8808
0.6218,-15.0428
0.6215,-14.9564
0.6212,-14.708
0.6209,-14.924
0.6206,-14.708
0.6203,-14.6001
0.62,-14.7728
0.6197,-14.4705
0.6194,-14.4813
0.6191,-14.5893
0.6188,-14.2761
0.6185,-14.3949
0.6182,-14.3625
0.6179,-14.0925
0.6176,-14.2761
0.6173,-14.1141
0.617,-13.9413
0.6167,-14.1357
0.6164,-13.8873
0.6161,-13.8441
0.6158,-13.9629
0.6155,-13.6713
0.6152,-13.747
0.6149,-13.7793
0.6146,-13.4878
0.6143,-13.6605
0.614,-13.5634
0.6137,-13.3474
0.6134,-13.5418
0.6131,-13.315
0.6128,-13.2178
0.6125,-13.3798
0.6122,-13.099
0.6119,-13.1422
0.6116,-13.2178
0.6113,-12.9154
0.611,-13.0558
0.6107,-13.0018
0.6104,-12.7535
0.6101,-12.937
0.6098,-12.7643
0.6095,-12.6131
0.6092,-12.7858
0.6089,-12.5375
0.6086,-12.5267
0.6083,-12.6455
0.608,-12.3539
0.6077,-12.4403
0.6074,-12.4403
0.6071,-12.1919
0.6068,-12.3539
0.6065,-12.2351
0.6062,-12.0407
0.6059,-12.2135
0.6056,-12.0083
0.6053,-11.9435
0.605,-12.0839
0.6047,-11.8139
0.6043,-11.8571
0.6041,-11.9111
0.6037,-11.6412
0.6035,-11.7708
0.6032,-11.706
0.6029,-11.5008
0.6026,-11.6844
0.6023,-11.5116
0.602,-11.382
0.6017,-11.544
0.6014,-11.2956
0.6011,-11.2956
0.6008,-11.382
0.6005,-11.1228
0.6002,-11.22
0.5999,-11.2092
0.5996,-10.9824
0.5993,-11.1336
0.599,-11.0257
0.5987,-10.8745
0.5984,-11.0257
0.5981,-10.8205
0.5978,-10.7665
0.5975,-10.8852
0.5972,-10.6369
0.5968,-10.6801
0.5966,-10.7232
0.5963,-10.4857
0.596,-10.6153
0.5957,-10.5505
0.5954,-10.3777
0.595,-10.5397
0.5947,-10.3669
0.5945,-10.2697
0.5942,-10.4101
0.5939,-10.1833
0.5936,-10.2049
0.5933,-10.2697
0.593,-10.0429
0.5927,-10.1293
0.5924,-10.1185
0.5921,-9.9133
0.5918,-10.0538
0.5915,-9.935
0.5912,-9.8162
0.5909,-9.9565
0.5906,-9.7622
0.5902,-9.7298
0.59,-9.827
0.5896,-9.6002
0.5893,-9.665
0.5891,-9.6974
0.5888,-9.4814
0.5885,-9.6002
0.5881,-9.5246
0.5878,-9.3734
0.5876,-9.5246
0.5873,-9.3734
0.587,-9.2978
0.5867,-9.4166
0.5864,-9.2114
0.5861,-9.233
0.5858,-9.287
0.5855,-9.0818
0.5852,-9.1898
0.5849,-9.1574
0.5845,-8.9846
0.5843,-9.1142
0.584,-8.9954
0.5837,-8.8983
0.5834,-9.0278
0.5831,-8.8551
0.5827,-8.8443
0.5825,-8.9306
0.5822,-8.7363
0.5819,-8.8011
0.5816,-8.8119
0.5813,-8.6175
0.581,-8.7363
0.5807,-8.6715
0.5803,-8.5419
0.5801,-8.6823
0.5798,-8.5311
0.5795,-8.4771
0.5791,-8.5851
0.5788,-8.4015
0.5786,-8.4231
0.5783,-8.4771
0.578,-8.2935
0.5777,-8.3799
0.5774,-8.3475
0.577,-8.2071
0.5768,-8.3367
0.5765,-8.2287
0.5761,-8.1424
0.5758,-8.2611
0.5755,-8.0992
0.5752,-8.0884
0.575,-8.1639
0.5747,-7.9912
0.5744,-8.0667
0.574,-8.0667
0.5737,-7.9048
0.5734,-8.0236
0.5731,-7.9479
0.5728,-7.8292
0.5726,-7.9588
0.5722,-7.8184
0.5719,-7.786
0.5716,-7.8832
0.5713,-7.7104
0.571,-7.7428
0.5708,-7.786
0.5704,-7.624
0.5702,-7.7212
0.5699,-7.6888
0.5695,-7.5484
0.5693,-7.6672
0.569,-7.57
0.5686,-7.5052
0.5683,-7.6132
0.568,-7.462
0.5677,-7.462
0.5675,-7.5268
0.5672,-7.3648
0.5668,-7.4404
0.5665,-7.4404
0.5662,-7.3
0.566,-7.3972
0.5657,-7.3324
0.5653,-7.246
0.565,-7.3648
0.5647,-7.2352
0.5644,-7.2028
0.5642,-7.2892
0.5638,-7.138
0.5636,-7.1812
0.5632,-7.2028
0.5629,-7.0625
0.5627,-7.1597
0.5624,-7.1165
0.562,-7.0192
0.5618,-7.1165
0.5615,-7.0192
0.5612,-6.9653
0.5609,-7.0625
0.5606,-6.9329
0.5603,-6.9437
0.5599,-6.9977
0.5596,-6.8573
0.5593,-6.9329
0.559,-6.9221
0.5587,-6.8033
0.5585,-6.9005
0.5581,-6.8357
0.5578,-6.7601
0.5575,-6.8573
0.5572,-6.7493
0.5569,-6.7385
0.5567,-6.8141
0.5563,-6.6737
0.556,-6.7169
0.5557,-6.7385
0.5554,-6.6089
0.5552,-6.6953
0.5549,-6.6629
0.5545,-6.5765
0.5542,-6.6737
0.5539,-6.5765
0.5537,-6.5441
0.5534,-6.6305
0.5531,-6.5117
0.5527,-6.5225
0.5525,-6.5765
0.5522,-6.4469
0.5518,-6.5225
0.5516,-6.5117
0.5513,-6.4037
0.5509,-6.5009
0.5506,-6.4253
0.5503,-6.3713
0.55,-6.4793
0.5497,-6.3605
0.5495,-6.3605
0.5491,-6.4253
0.5488,-6.3065
0.5485,-6.3497
0.5482,-6.3713
0.5479,-6.2525
0.5477,-6.3389
0.5473,-6.3065
0.547,-6.2309
0.5467,-6.3281
0.5464,-6.2418
0.5461,-6.1985
0.5458,-6.2849
0.5455,-6.1661
0.5452,-6.1985
0.5449,-6.2418
0.5446,-6.1338
0.5443,-6.1985
0.544,-6.1878
0.5437,-6.0906
0.5434,-6.1878
0.5431,-6.123
0.5428,-6.0798
0.5425,-6.1553
0.5422,-6.069
0.5419,-6.0582
0.5416,-6.123
0.5413,-6.015
0.541,-6.069
0.5407,-6.0798
0.5404,-5.9718
0.5401,-6.0582
0.5398,-6.0258
0.5395,-5.961
0.5392,-6.0473
0.539,-5.961
0.5386,-5.9394
0.5383,-6.015
0.538,-5.9178
0.5377,-5.9394
0.5375,-5.9826
0.5371,-5.8746
0.5368,-5.9394
0.5365,-5.9394
0.5362,-5.853
0.5359,-5.9394
0.5356,-5.8854
0.5353,-5.8314
0.535,-5.9178
0.5347,-5.8314
0.5344,-5.8314
0.5341,-5.8962
0.5338,-5.7882
0.5335,-5.8422
0.5332,-5.853
0.5329,-5.7558
0.5326,-5.8314
0.5323,-5.8098
0.532,-5.745
0.5317,-5.8314
0.5314,-5.7558
0.5311,-5.7342
0.5308,-5.8098
0.5305,-5.7126
0.5302,-5.745
0.53,-5.7774
0.5296,-5.6802
0.5293,-5.7558
0.529,-5.745
0.5287,-5.6694
0.5284,-5.7558
0.5281,-5.7018
0.5278,-5.6586
0.5275,-5.745
0.5272,-5.6478
0.5269,-5.6586
0.5266,-5.7234
0.5263,-5.6262
0.526,-5.6694
0.5257,-5.691
0.5254,-5.6046
0.5251,-5.6802
0.5248,-5.6478
0.5245,-5.5938
0.5242,-5.6694
0.5239,-5.6046
0.5236,-5.583
0.5233,-5.6586
0.523,-5.5722
0.5227,-5.6046
0.5224,-5.637
0.5221,-5.5506
0.5218,-5.6154
0.5215,-5.6154
0.5212,-5.5398
0.5209,-5.6262
0.5206,-5.5614
0.5203,-5.5398
0.52,-5.6154
0.5197,-5.5398
0.5194,-5.5506
0.5191,-5.5938
0.5188,-5.5074
0.5185,-5.5614
0.5182,-5.5722
0.5179,-5.4966
0.5176,-5.5722
0.5173,-5.5506
0.517,-5.4966
0.5167,-5.583
0.5164,-5.5182
0.5161,-5.5074
0.5158,-5.5722
0.5155,-5.4858
0.5152,-5.5182
0.5149,-5.5506
0.5146,-5.4642
0.5143,-5.5398
0.514,-5.5398
0.5137,-5.4642
0.5134,-5.5506
0.5131,-5.4966
0.5128,-5.475
0.5125,-5.5506
0.5122,-5.475
0.5119,-5.4858
0.5116,-5.5398
0.5113,-5.4534
0.511,-5.5074
0.5107,-5.529
0.5104,-5.4426
0.5101,-5.529
0.5098,-5.4966
0.5095,-5.4534
0.5092,-5.5398
0.5089,-5.475
0.5086,-5.4642
0.5083,-5.5398
0.508,-5.4534
0.5077,-5.4858
0.5074,-5.529
0.5071,-5.4426
0.5068,-5.5074
0.5065,-5.5074
0.5062,-5.4534
0.5059,-5.5398
0.5056,-5.4858
0.5053,-5.4642
0.505,-5.5506
0.5047,-5.4642
0.5044,-5.475
0.5041,-5.5398
0.5038,-5.4534
0.5035,-5.5074
0.5032,-5.5182
0.5029,-5.4426
0.5026,-5.529
0.5023,-5.4966
0.502,-5.4534
0.5017,-5.5398
0.5014,-5.475
0.5011,-5.475
0.5008,-5.5506
0.5005,-5.4642
0.5002,-5.4966
0.4999,-5.5398
0.4996,-5.4534
0.4993,-5.5398
0.499,-5.529
0.4987,-5.4534
0.4984,-5.5506
0.4981,-5.5074
0.4978,-5.4858
0.4975,-5.5722
0.4972,-5.4966
0.4969,-5.5074
0.4966,-5.5722
0.4963,-5.4858
0.496,-5.5506
0.4957,-5.5614
0.4954,-5.475
0.4951,-5.5614
0.4948,-5.5506
0.4945,-5.4966
0.4942,-5.5938
0.4939,-5.5398
0.4936,-5.529
0.4933,-5.6046
0.493,-5.5182
0.4927,-5.5506
0.4924,-5.5938
0.4921,-5.5074
0.4918,-5.583
0.4915,-5.583
0.4912,-5.5398
0.4909,-5.6262
0.4906,-5.5722
0.4903,-5.5506
0.49,-5.637
0.4897,-5.5614
0.4894,-5.583
0.4891,-5.6478
0.4888,-5.5614
0.4885,-5.6262
0.4882,-5.6478
0.4879,-5.5614
0.4876,-5.6478
0.4873,-5.6262
0.487,-5.583
0.4867,-5.6802
0.4864,-5.6154
0.4861,-5.6154
0.4858,-5.7018
0.4855,-5.6046
0.4852,-5.6586
0.4849,-5.7018
0.4846,-5.6154
0.4843,-5.7018
0.484,-5.7018
0.4837,-5.6262
0.4834,-5.7234
0.4831,-5.6802
0.4828,-5.6586
0.4825,-5.745
0.4822,-5.6694
0.4819,-5.691
0.4816,-5.7558
0.4813,-5.6694
0.481,-5.745
0.4807,-5.7666
0.4804,-5.6802
0.4801,-5.7774
0.4798,-5.7558
0.4795,-5.7126
0.4792,-5.8098
0.4789,-5.745
0.4786,-5.7342
0.4783,-5.8206
0.478,-5.7342
0.4777,-5.7882
0.4774,-5.8422
0.4771,-5.745
0.4768,-5.8314
0.4765,-5.8314
0.4762,-5.7666
0.4759,-5.8638
0.4756,-5.8206
0.4753,-5.799
0.475,-5.8962
0.4747,-5.8206
0.4744,-5.8422
0.4741,-5.9178
0.4738,-5.8206
0.4735,-5.8962
0.4732,-5.9178
0.4729,-5.8314
0.4726,-5.9286
0.4723,-5.907
0.472,-5.853
0.4717,-5.9718
0.4714,-5.907
0.4711,-5.8962
0.4708,-5.9934
0.4705,-5.8962
0.4702,-5.9394
0.4699,-5.9934
0.4696,-5.907
0.4693,-5.9934
0.469,-5.9934
0.4687,-5.9178
0.4684,-6.0366
0.4681,-5.9934
0.4678,-5.9718
0.4675,-6.0798
0.4672,-5.9934
0.4669,-6.0042
0.4666,-6.0798
0.4663,-5.9826
0.466,-6.0582
0.4657,-6.0906
0.4654,-6.0042
0.4651,-6.1122
0.4648,-6.0906
0.4645,-6.0366
0.4642,-6.1553
0.4639,-6.0798
0.4636,-6.0798
0.4633,-6.1769
0.463,-6.069
0.4627,-6.123
0.4624,-6.1769
0.4621,-6.0906
0.4618,-6.1878
0.4615,-6.1878
0.4612,-6.1122
0.4609,-6.2418
0.4606,-6.1878
0.4603,-6.1553
0.46,-6.2633
0.4597,-6.1769
0.4594,-6.1985
0.4591,-6.2849
0.4588,-6.1769
0.4585,-6.2525
0.4582,-6.2957
0.4579,-6.1985
0.4576,-6.3065
0.4573,-6.2849
0.457,-6.2309
0.4567,-6.3497
0.4564,-6.2741
0.4561,-6.2741
0.4558,-6.3821
0.4555,-6.2849
0.4552,-6.3389
0.4549,-6.3929
0.4546,-6.2957
0.4543,-6.3929
0.454,-6.3929
0.4537,-6.3173
0.4534,-6.4361
0.4531,-6.3821
0.4528,-6.3497
0.4525,-6.4793
0.4522,-6.3821
0.4519,-6.4037
0.4516,-6.5009
0.4513,-6.3929
0.451,-6.4685
0.4507,-6.5009
0.4504,-6.4037
0.4501,-6.5117
0.4498,-6.5009
0.4495,-6.4361
0.4492,-6.5657
0.4489,-6.5009
0.4486,-6.4901
0.4483,-6.5981
0.448,-6.4901
0.4477,-6.5441
0.4474,-6.6089
0.4471,-6.5009
0.4468,-6.5981
0.4465,-6.6089
0.4462,-6.5225
0.4459,-6.6521
0.4456,-6.6089
0.4453,-6.5765
0.445,-6.6953
0.4447,-6.5981
0.4444,-6.6197
0.4441,-6.7169
0.4438,-6.5981
0.4435,-6.6845
0.4432,-6.7169
0.4429,-6.6197
0.4426,-6.7493
0.4423,-6.7385
0.442,-6.6629
0.4417,-6.7925
0.4414,-6.7169
0.4411,-6.7061
0.4408,-6.8249
0.4405,-6.7169
0.4402,-6.7709
0.4399,-6.8465
0.4396,-6.7277
0.4393,-6.8357
0.439,-6.8573
0.4387,-6.7601
0.4384,-6.8897
0.4381,-6.8465
0.4378,-6.8033
0.4375,-6.9329
0.4372,-6.8357
0.4369,-6.8465
0.4366,-6.9545
0.4363,-6.8465
0.436,-6.9221
0.4357,-6.976
0.4354,-6.8573
0.4351,-6.9869
0.4348,-6.976
0.4345,-6.9005
0.4342,-7.0409
0.4339,-6.9653
0.4336,-6.9545
0.4333,-7.0732
0.433,-6.9653
0.4327,-7.0192
0.4324,-7.0949
0.4321,-6.976
0.4318,-7.084
0.4315,-7.1057
0.4312,-7.0085
0.4309,-7.1597
0.4306,-7.1057
0.4303,-7.0517
0.43,-7.192
0.4297,-7.0949
0.4294,-7.1165
0.4291,-7.2245
0.4288,-7.0949
0.4285,-7.1812
0.4282,-7.2352
0.4279,-7.1165
0.4276,-7.2568
0.4273,-7.2352
0.427,-7.1705
0.4267,-7.3108
0.4264,-7.2352
0.4261,-7.2245
0.4258,-7.3648
0.4255,-7.2352
0.4252,-7.2892
0.4249,-7.3756
0.4246,-7.246
0.4243,-7.3756
0.424,-7.3864
0.4237,-7.2892
0.4234,-7.4404
0.4231,-7.3864
0.4228,-7.3432
0.4225,-7.4836
0.4222,-7.3756
0.4219,-7.3972
0.4216,-7.5268
0.4212,-7.3972
0.421,-7.4836
0.4207,-7.5376
0.4204,-7.4188
0.4201,-7.5592
0.4198,-7.5484
0.4194,-7.462
0.4191,-7.6348
0.4189,-7.5484
0.4186,-7.5268
0.4183,-7.678
0.418,-7.5484
0.4176,-7.6132
0.4174,-7.6996
0.417,-7.5592
0.4168,-7.6888
0.4165,-7.7212
0.4162,-7.6132
0.4158,-7.7644
0.4155,-7.7212
0.4152,-7.6672
0.415,-7.8292
0.4147,-7.7212
0.4144,-7.732
0.4141,-7.8616
0.4137,-7.732
0.4134,-7.8292
0.4132,-7.8939
0.4129,-7.7536
0.4126,-7.9048
0.4122,-7.9048
0.4119,-7.8184
0.4117,-7.9912
0.4114,-7.9048
0.4111,-7.8832
0.4107,-8.0452
0.4104,-7.9156
0.4101,-7.9804
0.4099,-8.0776
0.4096,-7.9372
0.4093,-8.0667
0.4089,-8.0992
0.4086,-7.9804
0.4083,-8.1424
0.408,-8.0992
0.4077,-8.0452
0.4075,-8.2287
0.4071,-8.1207
0.4068,-8.1315
0.4066,-8.2719
0.4063,-8.1315
0.406,-8.2287
0.4057,-8.3043
0.4053,-8.1639
0.4051,-8.3151
0.4048,-8.3151
0.4045,-8.2287
0.4042,-8.4123
0.4039,-8.3259
0.4035,-8.3043
0.4033,-8.4663
0.4029,-8.3259
0.4027,-8.3907
0.4024,-8.5203
0.4021,-8.3691
0.4017,-8.4987
0.4014,-8.5419
0.4011,-8.4231
0.4009,-8.6067
0.4006,-8.5743
0.4003,-8.5095
0.3999,-8.6931
0.3996,-8.5743
0.3993,-8.5851
0.3991,-8.7471
0.3988,-8.5959
0.3985,-8.7039
0.3981,-8.8011
0.3978,-8.6607
0.3976,-8.8335
0.3973,-8.8335
0.397,-8.7363
0.3967,-8.9306
0.3963,-8.8551
0.396,-8.8227
0.3958,-9.0063
0.3955,-8.8659
0.3952,-8.9306
0.3949,-9.0711
0.3945,-8.9091
0.3942,-9.0494
0.3939,-9.1142
0.3936,-8.9846
0.3934,-9.179
0.393,-9.1466
0.3927,-9.0711
0.3924,-9.2762
0.3922,-9.1682
0.3919,-9.179
0.3916,-9.3518
0.3912,-9.1898
0.3909,-9.3086
0.3906,-9.4274
0.3903,-9.2654
0.3901,-9.449
0.3898,-9.4598
0.3894,-9.3518
0.3891,-9.5678
0.3888,-9.503
0.3885,-9.4598
0.3883,-9.6758
0.3879,-9.5354
0.3876,-9.6002
0.3873,-9.7622
0.387,-9.6002
0.3867,-9.7514
0.3864,-9.827
0.3861,-9.6866
0.3858,-9.8918
0.3855,-9.8702
0.3852,-9.7838
0.3849,-10.0105
0.3846,-9.9025
0.3843,-9.9133
0.384,-10.1185
0.3837,-9.9673
0.3834,-10.0753
0.3831,-10.2157
0.3829,-10.0429
0.3825,-10.2373
0.3822,-10.2697
0.3819,-10.1401
0.3816,-10.3885
0.3813,-10.3129
0.381,-10.2697
0.3808,-10.5073
0.3804,-10.3777
0.3801,-10.4425
0.3798,-10.6261
0.3795,-10.4533
0.3792,-10.6153
0.3789,-10.7125
0.3786,-10.5613
0.3783,-10.7989
0.378,-10.7772
0.3777,-10.6909
0.3774,-10.9392
0.3771,-10.8312
0.3768,-10.842
0.3765,-11.0796
0.3762,-10.9069
0.3759,-11.0364
0.3756,-11.1984
0.3753,-11.0257
0.375,-11.2416
0.3747,-11.2848
0.3744,-11.1444
0.3742,-11.4036
0.3739,-11.3388
0.3735,-11.2848
0.3732,-11.5548
0.3729,-11.4252
0.3726,-11.49
0.3723,-11.7168
0.372,-11.5332
0.3717,-11.7168
0.3714,-11.8356
0.3711,-11.652
0.3708,-11.9004
0.3705,-11.9111
0.3702,-11.8031
0.3699,-12.0839
0.3696,-11.9975
0.3693,-11.9975
0.369,-12.2783
0.3687,-12.1163
0.3684,-12.2243
0.3681,-12.4079
0.3678,-12.2135
0.3675,-12.4403
0.3672,-12.5267
0.3669,-12.3755
0.3666,-12.6671
0.3663,-12.6347
0.366,-12.5699
0.3657,-12.8614
0.3654,-12.7318
0.3651,-12.7858
0.3649,-13.0342
0.3645,-12.8398
0.3642,-13.0126
0.3639,-13.1746
0.3636,-13.0018
0.3633,-13.2718
0.363,-13.3042
0.3627,-13.1746
0.3624,-13.4878
0.3621,-13.4014
0.3618,-13.3906
0.3615,-13.7038
0.3612,-13.531
0.3609,-13.6498
0.3606,-13.8765
0.3603,-13.6822
0.36,-13.9197
0.3597,-14.0277
0.3594,-13.8549
0.3591,-14.1573
0.3588,-14.1357
0.3585,-14.0493
0.3582,-14.3841
0.3579,-14.2653
0.3576,-14.3085
0.3573,-14.6109
0.357,-14.4165
0.3567,-14.6001
0.3564,-14.7944
0.3561,-14.5893
0.3558,-14.87
0.3555,-14.924
0.3552,-14.7944
0.3549,-15.1292
0.3546,-15.0644
0.3543,-15.032
0.354,-15.3668
0.3537,-15.2156
0.3534,-15.3452
0.3531,-15.6044
0.3528,-15.3776
0.3525,-15.5936
0.3522,-15.7339
0.3519,-15.5504
0.3516,-15.8743
0.3513,-15.8851
0.351,-15.7879
0.3507,-16.1551
0.3504,-16.0471
0.3501,-16.0903
0.3498,-16.4035
0.3495,-16.1983
0.3492,-16.3711
0.3489,-16.587
0.3486,-16.3711
0.3483,-16.6626
0.348,-16.749
0.3477,-16.6086
0.3474,-16.965
0.3471,-16.9218
0.3468,-16.8678
0.3465,-17.2242
0.3462,-17.0622
0.3459,-17.1486
0.3456,-17.4294
0.3453,-17.2242
0.345,-17.4617
0.3447,-17.6345
0.3444,-17.4402
0.3441,-17.7857
0.3438,-17.8073
0.3435,-17.6885
0.3432,-18.0557
0.3429,-17.9477
0.3426,-17.9693
0.3423,-18.3149
0.342,-18.1205
0.3417,-18.2933
0.3414,-18.5416
0.3411,-18.3041
0.3408,-18.574
0.3405,-18.6712
0.3402,-18.4984
0.3399,-18.8872
0.3396,-18.8548
0.3393,-18.79
0.339,-19.1788
0.3387,-19.0168
0.3384,-19.0924
0.3381,-19.4056
0.3378,-19.1788
0.3375,-19.4056
0.3372,-19.5999
0.3369,-19.3839
0.3366,-19.7187
0.3363,-19.7511
0.336,-19.6107
0.3357,-19.9995
0.3354,-19.9131
0.3351,-19.9239
0.3348,-20.2803
0.3345,-20.0751
0.3342,-20.2155
0.3339,-20.4746
0.3336,-20.2263
0.3333,-20.5178
0.333,-20.6366
0.3327,-20.453
0.3324,-20.8418
0.3321,-20.8202
0.3318,-20.7446
0.3315,-21.1226
0.3312,-20.9498
0.3309,-21.0038
0.3306,-21.3277
0.3303,-21.0902
0.33,-21.3062
0.3297,-21.5113
0.3294,-21.2737
0.3291,-21.6193
0.3288,-21.6841
0.3285,-21.5437
0.3282,-21.9433
0.3279,-21.8245
0.3276,-21.7921
0.3273,-22.1593
0.327,-21.9541
0.3267,-22.0945
0.3264,-22.3644
0.3261,-22.1161
0.3258,-22.386
0.3255,-22.5156
0.3252,-22.3104
0.3249,-22.6992
0.3246,-22.6668
0.3243,-22.5588
0.324,-22.9368
0.3237,-22.764
0.3234,-22.8072
0.3231,-23.1528
0.3228,-22.9152
0.3225,-23.1203
0.3222,-23.3255
0.3219,-23.0772
0.3216,-23.4119
0.3213,-23.4659
0.321,-23.2931
0.3207,-23.6927
0.3204,-23.5847
0.3201,-23.5523
0.3198,-23.9195
0.3195,-23.6927
0.3192,-23.8223
0.3189,-24.1138
0.3186,-23.8547
0.3183,-24.1247
0.318,-24.265
0.3177,-24.0383
0.3174,-24.4054
0.3171,-24.3622
0.3168,-24.2326
0.3165,-24.6214
0.3162,-24.4594
0.3159,-24.4918
0.3156,-24.8374
0.3153,-24.589
0.315,-24.7834
0.3147,-24.9778
0.3144,-24.7186
0.3141,-25.0426
0.3138,-25.1074
0.3135,-24.9346
0.3132,-25.3341
0.3129,-25.2262
0.3126,-25.1722
0.3123,-25.5285
0.312,-25.3017
0.3117,-25.3989
0.3114,-25.6905
0.3111,-25.4097
0.3108,-25.6689
0.3105,-25.8201
0.3102,-25.5933
0.3099,-25.9605
0.3096,-25.9389
0.3093,-25.7877
0.309,-26.1764
0.3087,-26.0036
0.3084,-26.0361
0.3081,-26.3816
0.3078,-26.1332
0.3075,-26.3276
0.3072,-26.5544
0.3069,-26.2736
0.3066,-26.5868
0.3063,-26.63
0.306,-26.414
0.3057,-26.8028
0.3054,-26.7056
0.3051,-26.63
0.3048,-27.008
0.3045,-26.7812
0.3042,-26.9
0.3039,-27.1915
0.3036,-26.9215
0.3033,-27.1808
0.303,-27.3103
0.3027,-27.062
0.3024,-27.4183
0.3021,-27.3967
0.3018,-27.2455
0.3015,-27.6343
0.3012,-27.4615
0.3009,-27.4615
0.3006,-27.7962
0.3003,-27.5371
0.3,-27.7099
0.2997,-27.9367
0.2994,-27.6667
0.2991,-27.969
0.2988,-28.0338
0.2985,-27.8287
0.2982,-28.239
0.2979,-28.131
0.2976,-28.0554
0.2973,-28.4442
0.297,-28.2174
0.2967,-28.3146
0.2964,-28.617
0.2961,-28.3146
0.2958,-28.5522
0.2955,-28.6926
0.2952,-28.4442
0.2949,-28.8114
0.2946,-28.7898
0.2943,-28.6386
0.294,-29.0273
0.2937,-28.8437
0.2934,-28.8437
0.2931,-29.2001
0.2928,-28.9301
0.2925,-29.1137
0.2922,-29.3729
0.2919,-29.1029
0.2916,-29.4161
0.2913,-29.4809
0.291,-29.2541
0.2907,-29.6429
0.2904,-29.5349
0.2901,-29.4485
0.2898,-29.8481
0.2895,-29.6213
0.2892,-29.7077
0.2889,-30.0316
0.2886,-29.7725
0.2883,-30.0316
0.288,-30.1828
0.2877,-29.9128
0.2874,-30.28
0.2871,-30.2476
0.2868,-30.0964
0.2865,-30.5068
0.2862,-30.3556
0.2859,-30.3664
0.2856,-30.7335
0.2853,-30.4852
0.285,-30.658
0.2847,-30.8955
0.2843,-30.6148
0.2841,-30.9171
0.2838,-30.9927
0.2835,-30.7768
0.2832,-31.1871
0.2829,-31.1115
0.2826,-31.0359
0.2823,-31.4463
0.282,-31.2303
0.2817,-31.3275
0.2814,-31.6407
0.2811,-31.3275
0.2808,-31.5651
0.2805,-31.727
0.2802,-31.4679
0.2799,-31.8458
0.2796,-31.835
0.2793,-31.6515
0.279,-32.0402
0.2787,-31.8458
0.2784,-31.8134
0.2781,-32.1806
0.2778,-31.8998
0.2775,-32.0618
0.2772,-32.2886
0.2769,-31.9754
0.2766,-32.2562
0.2763,-32.2994
0.276,-32.0402
0.2757,-32.4074
0.2754,-32.2778
0.2751,-32.159
0.2748,-32.5154
0.2745,-32.2454
0.2742,-32.2886
0.2739,-32.5801
0.2736,-32.267
0.2733,-32.5046
0.273,-32.6449
0.2727,-32.3318
0.2724,-32.6449
0.2721,-32.5586
0.2718,-32.3426
0.2715,-32.7097
0.2712,-32.4938
0.2709,-32.4614
0.2706,-32.7854
0.2703,-32.483
0.27,-32.6234
0.2697,-32.8285
0.2694,-32.5046
0.2691,-32.7745
0.2688,-32.7854
0.2685,-32.5046
0.2682,-32.8609
0.2679,-32.7206
0.2676,-32.5909
0.2673,-32.9365
0.267,-32.6666
0.2667,-32.7206
0.2664,-32.9905
0.2661,-32.6449
0.2658,-32.8501
0.2655,-32.9581
0.2651,-32.6449
0.2649,-32.9689
0.2646,-32.9149
0.2643,-32.6989
0.264,-33.0661
0.2637,-32.8393
0.2633,-32.7961
0.2631,-33.1417
0.2627,-32.8177
0.2625,-32.9473
0.2622,-33.1309
0.2619,-32.7745
0.2615,-33.0445
0.2613,-33.0769
0.2609,-32.8177
0.2607,-33.1741
0.2604,-33.0337
0.2601,-32.8933
0.2597,-33.2497
0.2594,-32.9581
0.2591,-32.9905
0.2589,-33.2605
0.2585,-32.9149
0.2583,-33.1309
0.258,-33.2605
0.2576,-32.9473
0.2574,-33.2713
0.2571,-33.1957
0.2568,-32.9581
0.2565,-33.3037
0.2562,-33.0769
0.2558,-33.0229
0.2556,-33.3469
0.2553,-33.0337
0.255,-33.1633
0.2547,-33.3685
0.2543,-33.0337
0.254,-33.3037
0.2537,-33.3145
0.2535,-33.0229
0.2532,-33.3685
0.2529,-33.2173
0.2525,-33.0769
0.2522,-33.4225
0.252,-33.1417
0.2516,-33.1741
0.2514,-33.4333
0.251,-33.0985
0.2507,-33.2929
0.2505,-33.3901
0.2502,-33.0553
0.2499,-33.3793
0.2496,-33.3253
0.2493,-33.1201
0.249,-33.4981
0.2487,-33.2821
0.2484,-33.2497
0.2481,-33.5736
0.2478,-33.2497
0.2475,-33.3577
0.2472,-33.5413
0.2468,-33.1957
0.2466,-33.4549
0.2463,-33.4765
0.246,-33.1849
0.2456,-33.5197
0.2453,-33.3685
0.245,-33.2389
0.2448,-33.5953
0.2445,-33.3253
0.2442,-33.3793
0.2438,-33.6385
0.2435,-33.2821
0.2432,-33.4765
0.243,-33.5953
0.2427,-33.2929
0.2424,-33.6276
0.242,-33.5628
0.2417,-33.3361
0.2415,-33.6924
0.2412,-33.4657
0.2409,-33.4117
0.2406,-33.7248
0.2402,-33.4009
0.24,-33.5305
0.2397,-33.7248
0.2393,-33.4009
0.2391,-33.66
0.2388,-33.6816
0.2384,-33.4117
0.2382,-33.768
0.2378,-33.6385
0.2375,-33.5197
0.2373,-33.8652
0.237,-33.5736
0.2366,-33.5953
0.2363,-33.8544
0.236,-33.5197
0.2358,-33.7356
0.2355,-33.8436
0.2351,-33.5088
0.2348,-33.8112
0.2345,-33.7356
0.2342,-33.5413
0.234,-33.9084
0.2337,-33.6816
0.2333,-33.6276
0.233,-33.9624
0.2327,-33.6385
0.2324,-33.768
0.2322,-33.9516
0.2318,-33.6061
0.2316,-33.8868
0.2312,-33.9192
0.2309,-33.66
0.2306,-34.0056
0.2303,-33.8436
0.23,-33.6816
0.2298,-34.0272
0.2294,-33.7356
0.2291,-33.7788
0.2288,-34.038
0.2285,-33.6924
0.2282,-33.8976
0.2279,-34.0056
0.2276,-33.714
0.2273,-34.0596
0.227,-33.9948
0.2267,-33.7896
0.2265,-34.146
0.2261,-33.9084
0.2258,-33.8544
0.2255,-34.1784
0.2252,-33.8544
0.2249,-33.9948
0.2247,-34.1784
0.2243,-33.822
0.224,-34.092
0.2237,-34.092
0.2234,-33.8112
0.2232,-34.1568
0.2228,-33.9948
0.2225,-33.876
0.2222,-34.2324
0.2219,-33.9516
0.2216,-33.9948
0.2213,-34.254
0.221,-33.9084
0.2207,-34.1028
0.2204,-34.2
0.2201,-33.8868
0.2198,-34.1892
0.2195,-34.1136
0.2192,-33.9084
0.2189,-34.2756
0.2186,-34.0488
0.2183,-33.9948
0.2181,-34.3188
0.2177,-33.9948
0.2175,-34.1352
0.2171,-34.3296
0.2168,-33.9948
0.2165,-34.2648
0.2162,-34.2648
0.2159,-33.9732
0.2157,-34.308
0.2153,-34.1568
0.215,-34.038
0.2147,-34.3836
0.2144,-34.1028
0.2141,-34.1352
0.2139,-34.3836
0.2135,-34.0272
0.2132,-34.2324
0.2129,-34.3404
0.2126,-34.0164
0.2123,-34.3404
0.212,-34.2756
0.2117,-34.0596
0.2114,-34.416
0.2111,-34.2
0.2108,-34.146
0.2106,-34.4484
0.2102,-34.1028
0.2099,-34.2216
0.2096,-34.4052
0.2093,-34.0704
0.209,-34.3512
0.2088,-34.362
0.2084,-34.0704
0.2081,-34.4268
0.2078,-34.2756
0.2075,-34.146
0.2072,-34.4916
0.2069,-34.2108
0.2066,-34.2432
0.2063,-34.4808
0.206,-34.1352
0.2057,-34.3404
0.2054,-34.4484
0.2051,-34.1136
0.2048,-34.4375
0.2045,-34.3512
0.2042,-34.1352
0.2039,-34.4808
0.2036,-34.2432
0.2033,-34.2
0.203,-34.524
0.2027,-34.2
0.2024,-34.3296
0.2021,-34.5132
0.2018,-34.1568
0.2015,-34.416
0.2012,-34.4268
0.2009,-34.1568
0.2006,-34.5132
0.2003,-34.3404
0.2,-34.2
0.1997,-34.5455
0.1994,-34.254
0.1991,-34.308
0.1988,-34.5672
0.1985,-34.2108
0.1982,-34.4052
0.1979,-34.4916
0.1976,-34.1568
0.1973,-34.4808
0.197,-34.4052
0.1967,-34.2
0.1964,-34.5564
0.1961,-34.3188
0.1958,-34.2648
0.1955,-34.5672
0.1952,-34.2324
0.1949,-34.3728
0.1946,-34.5564
0.1943,-34.2108
0.194,-34.4808
0.1937,-34.4916
0.1934,-34.2108
0.1931,-34.5564
0.1928,-34.3836
0.1925,-34.2432
0.1922,-34.5887
0.1919,-34.2972
0.1916,-34.3296
0.1913,-34.5672
0.191,-34.2108
0.1907,-34.4052
0.1904,-34.4916
0.1901,-34.1676
0.1898,-34.4808
0.1895,-34.4052
0.1892,-34.2
0.1889,-34.578
0.1886,-34.3728
0.1883,-34.3404
0.188,-34.6427
0.1877,-34.2864
0.1874,-34.3944
0.1871,-34.5455
0.1868,-34.1892
0.1865,-34.4484
0.1862,-34.4592
0.1859,-34.2
0.1856,-34.5564
0.1853,-34.4052
0.185,-34.2648
0.1847,-34.5995
0.1844,-34.2972
0.1841,-34.3296
0.1838,-34.5672
0.1835,-34.2
0.1832,-34.4052
0.1829,-34.524
0.1826,-34.2108
0.1823,-34.5347
0.182,-34.4592
0.1817,-34.2432
0.1814,-34.5995
0.1811,-34.3512
0.1808,-34.2972
0.1805,-34.5887
0.1802,-34.2432
0.1799,-34.362
0.1796,-34.5455
0.1793,-34.1892
0.179,-34.47
0.1787,-34.4916
0.1784,-34.2324
0.1781,-34.5887
0.1778,-34.416
0.1775,-34.2648
0.1772,-34.5887
0.1769,-34.2756
0.1766,-34.308
0.1763,-34.5564
0.176,-34.2108
0.1757,-34.4484
0.1754,-34.5455
0.1751,-34.2108
0.1748,-34.524
0.1745,-34.4268
0.1742,-34.2216
0.1739,-34.5887
0.1736,-34.3512
0.1733,-34.2972
0.173,-34.5995
0.1727,-34.2648
0.1724,-34.3836
0.1721,-34.5455
0.1718,-34.1892
0.1715,-34.4592
0.1712,-34.47
0.1709,-34.2108
0.1706,-34.578
0.1703,-34.4052
0.17,-34.2648
0.1697,-34.5995
0.1694,-34.308
0.1691,-34.3404
0.1688,-34.5887
0.1685,-34.2216
0.1682,-34.4268
0.1679,-34.524
0.1676,-34.2
0.1673,-34.5455
0.167,-34.4592
0.1667,-34.2324
0.1664,-34.5887
0.1661,-34.3404
0.1658,-34.2864
0.1655,-34.5887
0.1652,-34.2432
0.1649,-34.362
0.1646,-34.5455
0.1643,-34.2
0.164,-34.47
0.1637,-34.4808
0.1634,-34.2108
0.1631,-34.5672
0.1628,-34.3836
0.1625,-34.2324
0.1622,-34.578
0.1619,-34.2864
0.1616,-34.3296
0.1613,-34.578
0.161,-34.2216
0.1607,-34.4268
0.1604,-34.524
0.1601,-34.2216
0.1598,-34.5455
0.1595,-34.47
0.1592,-34.2648
0.1589,-34.6212
0.1586,-34.3728
0.1583,-34.3188
0.158,-34.6103
0.1577,-34.2648
0.1574,-34.3944
0.1571,-34.5672
0.1568,-34.2324
0.1565,-34.5132
0.1562,-34.5347
0.1559,-34.2648
0.1556,-34.6103
0.1553,-34.4268
0.155,-34.2864
0.1547,-34.6103
0.1544,-34.3296
0.1541,-34.3728
0.1538,-34.6103
0.1535,-34.254
0.1532,-34.4592
0.1529,-34.5564
0.1526,-34.254
0.1523,-34.5995
0.152,-34.5347
0.1517,-34.3296
0.1514,-34.6751
0.1511,-34.416
0.1508,-34.362
0.1505,-34.6643
0.1502,-34.3404
0.1499,-34.4808
0.1496,-34.6535
0.1493,-34.3188
0.149,-34.5995
0.1487,-34.6103
0.1484,-34.3296
0.1481,-34.6967
0.1478,-34.524
0.1475,-34.4052
0.1472,-34.7507
0.1469,-34.4484
0.1466,-34.5024
0.1463,-34.7615
0.146,-34.4052
0.1457,-34.6212
0.1454,-34.7183
0.1451,-34.416
0.1448,-34.7615
0.1445,-34.6967
0.1442,-34.5024
0.1439,-34.8587
0.1436,-34.6212
0.1433,-34.578
0.143,-34.8803
0.1427,-34.5564
0.1424,-34.7075
0.1421,-34.8911
0.1418,-34.5564
0.1415,-34.8479
0.1412,-34.8587
0.1409,-34.6103
0.1406,-34.9775
0.1403,-34.8047
0.14,-34.686
0.1397,-35.0207
0.1394,-34.74
0.1391,-34.8155
0.1388,-35.0855
0.1385,-34.7507
0.1382,-34.9667
0.1379,-35.0747
0.1376,-34.7831
0.1373,-35.1503
0.137,-35.0963
0.1367,-34.9019
0.1364,-35.2691
0.1361,-35.0315
0.1358,-35.0099
0.1355,-35.3447
0.1352,-35.0423
0.1349,-35.1935
0.1346,-35.3878
0.1343,-35.0639
0.134,-35.3554
0.1337,-35.3878
0.1334,-35.1503
0.1331,-35.5283
0.1328,-35.3663
0.1325,-35.2475
0.1322,-35.5931
0.1319,-35.3231
0.1316,-35.3988
0.1313,-35.6794
0.131,-35.3447
0.1307,-35.5715
0.1304,-35.6794
0.1301,-35.3771
0.1298,-35.7226
0.1295,-35.6472
0.1292,-35.4526
0.1289,-35.8089
0.1286,-35.5715
0.1283,-35.5389
0.128,-35.8415
0.1277,-35.4958
0.1274,-35.6472
0.1271,-35.8199
0.1268,-35.4851
0.1265,-35.7551
0.1262,-35.7442
0.1259,-35.4742
0.1256,-35.8415
0.1253,-35.6578
0.125,-35.5173
0.1247,-35.8305
0.1244,-35.4958
0.1241,-35.5283
0.1238,-35.7551
0.1235,-35.3878
0.1232,-35.5931
0.1229,-35.6688
0.1226,-35.3231
0.1223,-35.6256
0.122,-35.5067
0.1217,-35.2907
0.1214,-35.6256
0.1211,-35.3554
0.1208,-35.2907
0.1205,-35.5605
0.1202,-35.2043
0.1199,-35.3339
0.1196,-35.4742
0.1193,-35.1071
0.119,-35.3447
0.1187,-35.3015
0.1184,-34.9991
0.1181,-35.3339
0.1178,-35.1287
0.1175,-34.9883
0.1172,-35.3015
0.1169,-34.9775
0.1166,-35.0099
0.1163,-35.2151
0.116,-34.8371
0.1157,-35.0315
0.1154,-35.0855
0.1151,-34.7507
0.1148,-35.0531
0.1145,-34.9127
0.1142,-34.6751
0.1139,-34.9883
0.1136,-34.7075
0.1133,-34.6535
0.113,-34.9343
0.1127,-34.578
0.1124,-34.6967
0.1121,-34.8371
0.1118,-34.47
0.1115,-34.7183
0.1112,-34.6751
0.1109,-34.3836
0.1106,-34.7291
0.1103,-34.5455
0.11,-34.4268
0.1097,-34.74
0.1094,-34.4052
0.1091,-34.4268
0.1088,-34.632
0.1085,-34.254
0.1082,-34.4592
0.1079,-34.5024
0.1076,-34.1784
0.1073,-34.4916
0.107,-34.3836
0.1066,-34.1676
0.1064,-34.5132
0.1061,-34.2432
0.1058,-34.2108
0.1055,-34.4808
0.1051,-34.1244
0.1049,-34.254
0.1046,-34.3944
0.1043,-34.0488
0.104,-34.308
0.1037,-34.2648
0.1033,-33.9948
0.1031,-34.3296
0.1028,-34.146
0.1025,-34.0164
0.1022,-34.3296
0.1019,-34.0056
0.1016,-34.0812
0.1013,-34.3188
0.101,-33.9624
0.1007,-34.1784
0.1004,-34.2324
0.1001,-33.9084
0.0998,-34.2108
0.0995,-34.0812
0.0992,-33.8868
0.0989,-34.2324
0.0986,-33.9948
0.0982,-33.9732
0.098,-34.2648
0.0976,-33.9084
0.0974,-34.038
0.0971,-34.1892
0.0968,-33.8544
0.0964,-34.146
0.0962,-34.1244
0.0958,-33.8544
0.0956,-34.2108
0.0953,-34.0164
0.095,-33.9084
0.0947,-34.2216
0.0943,-33.8976
0.0941,-33.9732
0.0938,-34.2
0.0935,-33.8652
0.0932,-34.1028
0.0929,-34.1892
0.0926,-33.8868
0.0923,-34.2108
0.092,-34.1028
0.0917,-33.9192
0.0914,-34.2864
0.0911,-34.0488
0.0908,-34.0488
0.0905,-34.3404
0.0902,-34.0056
0.0899,-34.1676
0.0896,-34.3188
0.0892,-33.9948
0.089,-34.2864
0.0887,-34.2756
0.0884,-34.0596
0.0881,-34.4268
0.0878,-34.2432
0.0874,-34.1352
0.0872,-34.4916
0.0868,-34.2
0.0866,-34.308
0.0863,-34.578
0.086,-34.254
0.0857,-34.4808
0.0854,-34.5564
0.0851,-34.2648
0.0848,-34.632
0.0845,-34.5347
0.0842,-34.3728
0.0839,-34.7507
0.0836,-34.5132
0.0833,-34.524
0.083,-34.8371
0.0827,-34.5347
0.0824,-34.74
0.0821,-34.9235
0.0817,-34.632
0.0815,-34.9667
0.0812,-34.9775
0.0809,-34.7615
0.0806,-35.1395
0.0802,-34.9775
0.0799,-34.9019
0.0797,-35.2799
0.0794,-35.0207
0.0791,-35.1503
0.0787,-35.431
0.0784,-35.1395
0.0782,-35.431
0.0779,-35.5389
0.0776,-35.2907
0.0773,-35.6688
0.0769,-35.6146
0.0766,-35.4958
0.0764,-35.9172
0.0761,-35.7335
0.0758,-35.7873
0.0755,-36.1221
0.0751,-35.8521
0.0749,-36.0683
0.0746,-36.2735
0.0742,-36.0142
0.074,-36.3815
0.0737,-36.4352
0.0733,-36.2626
0.0731,-36.7052
0.0727,-36.5973
0.0724,-36.5973
0.0722,-37.0078
0.0719,-36.7916
0.0715,-36.9536
0.0712,-37.2668
0.0709,-37.0078
0.0707,-37.3425
0.0704,-37.5152
0.0701,-37.3316
0.0697,-37.7852
0.0694,-37.7636
0.0692,-37.6879
0.0689,-38.1415
0.0686,-37.9904
0.0683,-38.0984
0.0679,-38.5195
0.0676,-38.3252
0.0674,-38.6168
0.0671,0
